[
  {
    "id": "matheuzinho",
    "gps": []
  },
  {
    "id": "120363283369631001@g.us",
    "limite": 4,
    "validado": false
  },
  {
    "id": "120363306327969984@g.us",
    "limite": 2,
    "validado": false
  },
  {
    "id": "120363297750502342@g.us",
    "limite": 4,
    "validado": false
  },
  {
    "id": "120363318296087727@g.us",
    "limite": 3,
    "validado": false
  },
  {
    "id": "120363162238314240@g.us",
    "limite": 1,
    "validado": false
  },
  {
    "id": "120363026309634278@g.us",
    "limite": 2,
    "validado": false
  },
  {
    "id": "120363318792043477@g.us",
    "limite": 2,
    "validado": false
  },
  {
    "id": "120363297348576615@g.us",
    "limite": 1,
    "validado": false
  },
  {
    "id": "120363240867493803@g.us",
    "limite": 1,
    "validado": false
  },
  {
    "id": "120363318655291477@g.us",
    "limite": 3,
    "validado": false
  },
  {
    "id": "120363259478176790@g.us",
    "limite": 1,
    "validado": false
  },
  {
    "id": "120363319944464581@g.us",
    "limite": 4,
    "validado": false
  },
  {
    "id": "120363293877633063@g.us",
    "limite": 4,
    "validado": false
  },
  {
    "id": "120363331456499543@g.us",
    "limite": 4,
    "validado": false
  },
  {
    "id": "120363323085083468@g.us",
    "limite": 4,
    "validado": false
  },
  {
    "id": "120363326075942072@g.us",
    "limite": 4,
    "validado": false
  },
  {
    "id": "120363332360909207@g.us",
    "limite": 4,
    "validado": false
  },
  {
    "id": "120363334557099345@g.us",
    "limite": 4,
    "validado": false
  },
  {
    "id": "120363342065106209@g.us",
    "limite": 4,
    "validado": false
  },
  {
    "id": "120363346046908111@g.us",
    "limite": 1,
    "validado": false
  },
  {
    "id": "120363349438224290@g.us",
    "limite": 4,
    "validado": false
  },
  {
    "id": "120363368456279919@g.us",
    "limite": 4,
    "validado": false
  },
  {
    "id": "120363366656319352@g.us",
    "limite": 4,
    "validado": false
  },
  {
    "id": "120363377675397918@g.us",
    "limite": 4,
    "validado": false
  },
  {
    "id": "120363387334359669@g.us",
    "limite": 4,
    "validado": false
  },
  {
    "id": "120363327815890080@g.us",
    "limite": 3,
    "validado": false
  },
  {
    "id": "sandrobot",
    "gps": []
  },
  {
    "id": "120363375101062199@g.us",
    "limite": 4,
    "validado": false
  },
  {
    "id": "120363347168116290@g.us",
    "limite": 4,
    "validado": false
  },
  {
    "id": "120363409369937099@g.us",
    "limite": 2,
    "validado": false
  },
  {
    "id": "120363396108378468@g.us",
    "limite": 4,
    "validado": false
  },
  {
    "id": "120363294506163855@g.us",
    "limite": 1,
    "validado": false
  },
  {
    "id": "120363401568207732@g.us",
    "limite": 4,
    "validado": false
  },
  {
    "id": "120363359623139125@g.us",
    "limite": 4,
    "validado": false
  },
  {
    "id": "120363422064229231@g.us",
    "limite": 4,
    "validado": false
  },
  {
    "id": "120363421010688366@g.us",
    "limite": 4,
    "validado": false
  },
  {
    "id": "120363402380452656@g.us",
    "limite": 4,
    "validado": false
  },
  {
    "id": "120363401876684789@g.us",
    "limite": 4,
    "validado": false
  },
  {
    "id": "120363402357479263@g.us",
    "limite": 5,
    "validado": true
  },
  {
    "id": "120363402908539586@g.us",
    "limite": 3,
    "validado": false
  }
]