{
  "antipv": false,
  "antipv2": false,
  "antipv3": true,
  "menu_audio": false,
  "verificado": true,
  "anticall": false,
  "visualizarmsg": false,
  "listanegraG": [],
  "cmd_premium": [
    "destrava",
    "destrava2",
    "listaddd",
    "gerarcpf",
    "premiumlist",
    "tinyurl",
    "cuttly",
    "bitly",
    "celular",
    "scep",
    "cotacao",
    "igstalk",
    "validarcpf",
    "validarcnpj",
    "dinextenso"
  ],
  "blockCmdG": [
    "figaleatoria",
    "figuemoji",
    "figuflork",
    "figubebe",
    "figucoreana",
    "figuanime",
    "figufunny",
    "figuanimais",
    "figudesenho",
    "figuroblox",
    "figuraiva",
    "d"
  ],
  "msgantipv1": "Sinto muito *#nome#*, mas meu dono não permitiu eu responder ninguém, então terei que bloquear você... ;)",
  "msgantipv2": "Não pode mandar mensagem para o bot, ele está programado para não responder, tente falar com meu dono... ;)",
  "TEMPO_DE_CMD": "Aguarde #tempo# segundos até executar outro comando, tempo a concluir:\n• #tempocmd#",
  "API_KEY_INVERTEXTO": "6117|oJqDz5g3Uf91zuiAo8FiZzXpHlLGrVEV",
  "numero_dono1": "559992265172",
  "numero_dono2": "559992265173",
  "numero_dono3": ".",
  "numero_dono4": ".",
  "numero_dono5": ".",
  "numero_dono6": ".",
  "botoff": false,
  "Odelete": false,
  "consoleoff": true,
  "buttons": {
    "status": false
  }
}