[
  {
    "jid": "120363156824186773@g.us",
    "numbers": [
      "558288279194@s.whatsapp.net"
    ]
  },
  {
    "jid": "120363046548548503@g.us",
    "numbers": []
  },
  {
    "jid": "120363132562172546@g.us",
    "numbers": []
  },
  {
    "jid": "120363193674711518@g.us",
    "numbers": []
  },
  {
    "jid": "120363240867493803@g.us",
    "numbers": [
      "556296092702@s.whatsapp.net",
      "558173352609@s.whatsapp.net",
      "556492767854@s.whatsapp.net"
    ]
  },
  {
    "jid": "120363279600991750@g.us",
    "numbers": [
      "559196165249@s.whatsapp.net",
      "557399145231@s.whatsapp.net",
      "558498579316@s.whatsapp.net",
      "554399587674@s.whatsapp.net",
      "244957780352@s.whatsapp.net",
      "553598238285@s.whatsapp.net",
      "558173471626@s.whatsapp.net",
      "5514996845837@s.whatsapp.net",
      "5511965569347@s.whatsapp.net",
      "559492453996@s.whatsapp.net",
      "62856974252682@s.whatsapp.net"
    ]
  },
  {
    "jid": "120363379556834051@g.us",
    "numbers": []
  },
  {
    "jid": "120363380162675540@g.us",
    "numbers": []
  },
  {
    "jid": "120363387334359669@g.us",
    "numbers": [
      "556294785847@s.whatsapp.net"
    ]
  },
  {
    "jid": "120363386860288253@g.us",
    "numbers": [
      "553299629566@s.whatsapp.net"
    ]
  },
  {
    "jid": "120363420627170613@g.us",
    "numbers": []
  },
  {
    "jid": "120363419488549755@g.us",
    "numbers": []
  }
]
