[
  {
    "usuario": "558299668686@s.whatsapp.net",
    "mcdagua1": "Sab's 🎖️",
    "mcdagua2": "@vitinhoalvsz"
  },
  {
    "usuario": "5513991372530@s.whatsapp.net",
    "mcdagua1": "joao",
    "mcdagua2": "mods"
  },
  {
    "usuario": "5521976430222@s.whatsapp.net",
    "mcdagua1": "Rooh",
    "mcdagua2": "Mods"
  },
  {
    "usuario": "558196319576@s.whatsapp.net",
    "mcdagua1": "teste",
    "mcdagua2": "teste"
  },
  {
    "usuario": "558381877756@s.whatsapp.net",
    "mcdagua1": "propriedade",
    "mcdagua2": "𝘁𝗸𝘇𝗶𝗻"
  },
  {
    "usuario": "559881392359@s.whatsapp.net",
    "mcdagua1": "João Emanuel",
    "mcdagua2": "bot"
  },
  {
    "usuario": "556599037477@s.whatsapp.net",
    "mcdagua1": "Figurinhas",
    "mcdagua2": "by axiola"
  },
  {
    "usuario": "558388261684@s.whatsapp.net",
    "mcdagua1": "Eliseu",
    "mcdagua2": "Vitor"
  },
  {
    "usuario": "5521975253211@s.whatsapp.net",
    "mcdagua1": "sb",
    "mcdagua2": "SAMY"
  },
  {
    "usuario": "5521975793942@s.whatsapp.net",
    "mcdagua1": "zmetrkop",
    "mcdagua2": "shotxz"
  },
  {
    "usuario": "5527996994117@s.whatsapp.net",
    "mcdagua1": "sb",
    "mcdagua2": "kzin"
  },
  {
    "usuario": "558695374374@s.whatsapp.net",
    "mcdagua1": "sb",
    "mcdagua2": "bot"
  },
  {
    "usuario": "5573933005234@s.whatsapp.net",
    "mcdagua1": "peitos da",
    "mcdagua2": "caila"
  },
  {
    "usuario": "5511986121267@s.whatsapp.net",
    "mcdagua1": "sb",
    "mcdagua2": "bot Huhuh/Huiii"
  },
  {
    "usuario": "553172595934@s.whatsapp.net",
    "mcdagua1": "Sandro",
    "mcdagua2": "Bot"
  },
  {
    "usuario": "553599302710@s.whatsapp.net",
    "mcdagua1": "sb",
    "mcdagua2": "bot"
  },
  {
    "usuario": "5511937554880@s.whatsapp.net",
    "mcdagua1": ".",
    "mcdagua2": "."
  },
  {
    "usuario": "5511972055817@s.whatsapp.net",
    "mcdagua1": "𓁑 𝐋𝐔𝐗_𝐃𝐎𝐌𝐈𝐍𝐀 𓁑ᴷᴷᴳᴿ",
    "mcdagua2": "+55 11 97205-5817"
  },
  {
    "usuario": "558181217457@s.whatsapp.net",
    "mcdagua1": "cb",
    "mcdagua2": "bot"
  },
  {
    "usuario": "553195595444@s.whatsapp.net",
    "mcdagua1": "Sandro",
    "mcdagua2": "bot"
  },
  {
    "usuario": "557791009651@s.whatsapp.net",
    "mcdagua1": "sb",
    "mcdagua2": "bot"
  },
  {
    "usuario": "5513991823788@s.whatsapp.net",
    "mcdagua1": "seven",
    "mcdagua2": "seven"
  }
]