[
  {
    "usuario": "553195595444@s.whatsapp.net",
    "mcdagua1": "SANDRO",
    "mcdagua2": "MD👑"
  },
  {
    "usuario": "556899999556@s.whatsapp.net",
    "mcdagua1": "YAKUZA",
    "mcdagua2": "lindo"
  },
  {
    "usuario": "5511933969589@s.whatsapp.net",
    "mcdagua1": "sandro",
    "mcdagua2": " Belalo"
  },
  {
    "usuario": "558399728921@s.whatsapp.net",
    "mcdagua1": "Sandro",
    "mcdagua2": "MD max"
  },
  {
    "usuario": "558293270652@s.whatsapp.net",
    "mcdagua1": "Dio",
    "mcdagua2": "😼"
  },
  {
    "usuario": "558994502226@s.whatsapp.net",
    "mcdagua1": "𝓙𝓪𝓷𝓮",
    "mcdagua2": "💋"
  },
  {
    "usuario": "557488312834@s.whatsapp.net",
    "mcdagua1": "sadx",
    "mcdagua2": "style 🇧🇷"
  },
  {
    "usuario": "558781309434@s.whatsapp.net",
    "mcdagua1": "cafe",
    "mcdagua2": "fe"
  },
  {
    "usuario": "5514991289841@s.whatsapp.net",
    "mcdagua1": "Ryō",
    "mcdagua2": "cf"
  },
  {
    "usuario": "558393654147@s.whatsapp.net",
    "mcdagua1": "Hellen",
    "mcdagua2": " 🖤"
  },
  {
    "usuario": "556399768284@s.whatsapp.net",
    "mcdagua1": "faatal",
    "mcdagua2": "deat"
  },
  {
    "usuario": "5521967636773@s.whatsapp.net",
    "mcdagua1": "tijolo d'agua",
    "mcdagua2": "gui gui"
  },
  {
    "usuario": "553188915453@s.whatsapp.net",
    "mcdagua1": "Dom Calvon",
    "mcdagua2": " um calvo"
  },
  {
    "usuario": "559988323597@s.whatsapp.net",
    "mcdagua1": "GT ",
    "mcdagua2": " GTS"
  },
  {
    "usuario": "558194420936@s.whatsapp.net",
    "mcdagua1": "Lulu",
    "mcdagua2": "md"
  },
  {
    "usuario": "103380483588292@lid",
    "mcdagua1": "Luana",
    "mcdagua2": "bot"
  }
]