[{"id":"5519989170949@s.whatsapp.net","minuto":"59"},{"id":"556399746006@s.whatsapp.net","minuto":"54"},{"id":"556192792501@s.whatsapp.net","minuto":"50"},{"id":"554591299015@s.whatsapp.net","minuto":"42"},{"id":"553192493109@s.whatsapp.net","minuto":"32"},{"id":"558799733873@s.whatsapp.net","minuto":"09"},{"id":"557499427805@s.whatsapp.net","minuto":"11"},{"id":"5521976436912@s.whatsapp.net","minuto":"10"},{"id":"556892422352@s.whatsapp.net","minuto":"43"},{"id":"553195595444@s.whatsapp.net","minuto":"01"}]