[{"id":"5519989170949@s.whatsapp.net","level":4,"quant_cavalos":0,"setcav":"jacinto","countVc":0,"capitalVc":0,"countDc":0,"capitalDc":0,"corridaL":10,"corridaH":"11","corridaD":"20","corridaM":"10","cavalos":[{"nomedocavalo":"tonho","tipo":0,"sela":false,"dor":false,"fratura":false,"viccav":0,"dercav":0,"contdin":0,"lucdin":0}]},{"id":"556399746006@s.whatsapp.net","level":4,"quant_cavalos":0,"setcav":"teukunavara","countVc":0,"capitalVc":0,"countDc":0,"capitalDc":0,"corridaL":10,"corridaH":"11","corridaD":"20","corridaM":"10","cavalos":[{"nomedocavalo":" teukunavara","tipo":1,"sela":false,"dor":false,"fratura":false,"viccav":0,"dercav":0,"contdin":0,"lucdin":0},{"nomedocavalo":"corno","tipo":3,"sela":false,"dor":false,"fratura":false,"viccav":0,"dercav":0,"contdin":0,"lucdin":0}]},{"id":"5514999095261@s.whatsapp.net","level":4,"quant_cavalos":0,"setcav":"nenhum","countVc":0,"capitalVc":0,"countDc":0,"capitalDc":0,"corridaL":10,"corridaH":"13","corridaD":"20","corridaM":"10","cavalos":[{"nomedocavalo":"pé de pano","tipo":3,"sela":false,"dor":false,"fratura":false,"viccav":0,"dercav":0,"contdin":0,"lucdin":0}]},{"id":"556192792501@s.whatsapp.net","level":2,"quant_cavalos":0,"setcav":"nenhum","countVc":0,"capitalVc":0,"countDc":0,"capitalDc":0,"corridaL":10,"corridaH":"12","corridaD":"21","corridaM":"10","cavalos":[{"nomedocavalo":"josézin","tipo":0,"sela":false,"dor":false,"fratura":false,"viccav":0,"dercav":0,"contdin":0,"lucdin":0},{"nomedocavalo":"pe de terra","tipo":0,"sela":false,"dor":false,"fratura":false,"viccav":0,"dercav":0,"contdin":0,"lucdin":0}]},{"id":"18622798724@s.whatsapp.net","level":1,"quant_cavalos":0,"setcav":"estrela","countVc":0,"capitalVc":0,"countDc":0,"capitalDc":0,"corridaL":10,"corridaH":"16","corridaD":"23","corridaM":"10","cavalos":[{"nomedocavalo":"estrela","tipo":0,"sela":true,"dor":false,"fratura":false,"viccav":0,"dercav":0,"contdin":0,"lucdin":0}]},{"id":"5513981090133@s.whatsapp.net","level":1,"quant_cavalos":0,"setcav":"biridin","countVc":0,"capitalVc":0,"countDc":0,"capitalDc":0,"corridaL":10,"corridaH":"17","corridaD":"27","corridaM":"10","cavalos":[{"nomedocavalo":"biridin","tipo":0,"sela":true,"dor":false,"fratura":false,"viccav":0,"dercav":0,"contdin":0,"lucdin":0}]},{"id":"554591299015@s.whatsapp.net","level":1,"quant_cavalos":0,"setcav":"nenhum","countVc":0,"capitalVc":0,"countDc":0,"capitalDc":0,"corridaL":10,"corridaH":"11","corridaD":"20","corridaM":"12","cavalos":[{"nomedocavalo":"lg","tipo":0,"sela":false,"dor":false,"fratura":false,"viccav":0,"dercav":0,"contdin":0,"lucdin":0}]},{"id":"558799733873@s.whatsapp.net","level":3,"quant_cavalos":0,"setcav":"junin","countVc":0,"capitalVc":0,"countDc":0,"capitalDc":0,"corridaL":20,"corridaH":"15","corridaD":"05","corridaM":"01","cavalos":[{"nomedocavalo":"cleiton","tipo":3,"sela":false,"dor":false,"fratura":false,"viccav":0,"dercav":0,"contdin":0,"lucdin":0},{"nomedocavalo":"yuri","tipo":3,"sela":false,"dor":false,"fratura":false,"viccav":0,"dercav":0,"contdin":0,"lucdin":0},{"nomedocavalo":"junin","tipo":3,"sela":true,"dor":false,"fratura":false,"viccav":0,"dercav":0,"contdin":0,"lucdin":0}]},{"id":"556892422352@s.whatsapp.net","level":3,"quant_cavalos":0,"setcav":"michael jackson","countVc":0,"capitalVc":0,"countDc":0,"capitalDc":0,"corridaL":10,"corridaH":"09","corridaD":"23","corridaM":"01","cavalos":[{"nomedocavalo":"michael jackson","tipo":3,"sela":true,"dor":false,"fratura":false,"viccav":0,"dercav":0,"contdin":0,"lucdin":0}]},{"id":"556496024085@s.whatsapp.net","level":3,"quant_cavalos":0,"setcav":"bx007","countVc":4,"capitalVc":1186.5,"countDc":5,"capitalDc":1971,"corridaL":18,"corridaH":"17","corridaD":"27","corridaM":"01","cavalos":[{"nomedocavalo":"bx007","tipo":0,"sela":true,"dor":false,"fratura":false,"viccav":4,"dercav":5,"contdin":3744,"lucdin":1186.5}]}]