[{"id":"556596947474@s.whatsapp.net","level":6,"galinhas":0,"durabilidade":5,"ovos":0,"countVg":0,"countDg":0,"dinVg":0,"luckVg":0,"brigaL":15,"brigaH":"19","brigaD":"29","brigaM":"04","galos":[{"vida":4,"vigalo":0,"degalo":0}]},{"id":"556399746006@s.whatsapp.net","level":6,"galinhas":36,"durabilidade":5,"ovos":0,"countVg":0,"countDg":0,"dinVg":0,"luckVg":0,"brigaL":15,"brigaH":"11","brigaD":"20","brigaM":"10","galos":[{"vida":4,"vigalo":0,"degalo":0},{"vida":4,"vigalo":0,"degalo":0},{"vida":4,"vigalo":0,"degalo":0},{"vida":4,"vigalo":0,"degalo":0},{"vida":4,"vigalo":0,"degalo":0},{"vida":4,"vigalo":0,"degalo":0},{"vida":4,"vigalo":0,"degalo":0},{"vida":4,"vigalo":0,"degalo":0},{"vida":4,"vigalo":0,"degalo":0},{"vida":4,"vigalo":0,"degalo":0},{"vida":4,"vigalo":0,"degalo":0},{"vida":4,"vigalo":0,"degalo":0},{"vida":4,"vigalo":0,"degalo":0},{"vida":4,"vigalo":0,"degalo":0},{"vida":4,"vigalo":0,"degalo":0},{"vida":4,"vigalo":0,"degalo":0},{"vida":4,"vigalo":0,"degalo":0},{"vida":4,"vigalo":0,"degalo":0},{"vida":4,"vigalo":0,"degalo":0},{"vida":4,"vigalo":0,"degalo":0},{"vida":4,"vigalo":0,"degalo":0},{"vida":4,"vigalo":0,"degalo":0},{"vida":4,"vigalo":0,"degalo":0},{"vida":4,"vigalo":0,"degalo":0}]},{"id":"5519989170949@s.whatsapp.net","level":6,"galinhas":0,"durabilidade":5,"ovos":0,"countVg":0,"countDg":0,"dinVg":0,"luckVg":0,"brigaL":15,"brigaH":"11","brigaD":"20","brigaM":"10","galos":[{"vida":4,"vigalo":0,"degalo":0}]},{"id":"556192792501@s.whatsapp.net","level":6,"galinhas":12,"durabilidade":5,"ovos":0,"countVg":0,"countDg":0,"dinVg":0,"luckVg":0,"brigaL":15,"brigaH":"13","brigaD":"20","brigaM":"10","galos":[{"vida":4,"vigalo":0,"degalo":0},{"vida":4,"vigalo":0,"degalo":0},{"vida":4,"vigalo":0,"degalo":0},{"vida":4,"vigalo":0,"degalo":0},{"vida":4,"vigalo":0,"degalo":0},{"vida":4,"vigalo":0,"degalo":0},{"vida":4,"vigalo":0,"degalo":0},{"vida":4,"vigalo":0,"degalo":0},{"vida":4,"vigalo":0,"degalo":0},{"vida":4,"vigalo":0,"degalo":0},{"vida":4,"vigalo":0,"degalo":0},{"vida":4,"vigalo":0,"degalo":0},{"vida":4,"vigalo":0,"degalo":0},{"vida":4,"vigalo":0,"degalo":0},{"vida":4,"vigalo":0,"degalo":0},{"vida":4,"vigalo":0,"degalo":0},{"vida":4,"vigalo":0,"degalo":0},{"vida":4,"vigalo":0,"degalo":0},{"vida":4,"vigalo":0,"degalo":0},{"vida":4,"vigalo":0,"degalo":0},{"vida":4,"vigalo":0,"degalo":0},{"vida":4,"vigalo":0,"degalo":0},{"vida":4,"vigalo":0,"degalo":0},{"vida":4,"vigalo":0,"degalo":0}]},{"id":"558799733873@s.whatsapp.net","level":3,"galinhas":2,"durabilidade":2,"ovos":0,"countVg":0,"countDg":0,"dinVg":0,"luckVg":0,"brigaL":15,"brigaH":"00","brigaD":"04","brigaM":"01","galos":[{"vida":4,"vigalo":0,"degalo":0},{"vida":4,"vigalo":0,"degalo":0},{"vida":4,"vigalo":0,"degalo":0},{"vida":4,"vigalo":0,"degalo":0},{"vida":4,"vigalo":0,"degalo":0}]},{"id":"558288345485@s.whatsapp.net","level":1,"galinhas":2,"durabilidade":5,"ovos":0,"countVg":0,"countDg":0,"dinVg":0,"luckVg":0,"brigaL":15,"brigaH":"13","brigaD":"09","brigaM":"01","galos":[{"vida":4,"vigalo":0,"degalo":0},{"vida":4,"vigalo":0,"degalo":0}]},{"id":"556496024085@s.whatsapp.net","level":6,"galinhas":0,"durabilidade":4,"ovos":0,"countVg":11,"countDg":9,"dinVg":1339,"luckVg":680,"brigaL":0,"brigaH":"11","brigaD":"26","brigaM":"01","galos":[{"vida":0,"vigalo":3,"degalo":3},{"vida":4,"vigalo":0,"degalo":0},{"vida":3,"vigalo":1,"degalo":0},{"vida":3,"vigalo":1,"degalo":0},{"vida":4,"vigalo":0,"degalo":0},{"vida":0,"vigalo":3,"degalo":1}]},{"id":"5512992083287@s.whatsapp.net","level":2,"galinhas":3,"durabilidade":2,"ovos":1,"countVg":0,"countDg":0,"dinVg":0,"luckVg":0,"brigaL":15,"brigaH":"09","brigaD":"11","brigaM":"02","galos":[{"vida":4,"vigalo":0,"degalo":0},{"vida":4,"vigalo":0,"degalo":0},{"vida":4,"vigalo":0,"degalo":0},{"vida":4,"vigalo":0,"degalo":0},{"vida":4,"vigalo":0,"degalo":0},{"vida":4,"vigalo":0,"degalo":0}]}]