[{"id":"556596947474@s.whatsapp.net","minuto":"46"},{"id":"5519989170949@s.whatsapp.net","minuto":"36"},{"id":"244930036731@s.whatsapp.net","minuto":"16"},{"id":"554896341548@s.whatsapp.net","minuto":"36"},{"id":"558388528832@s.whatsapp.net","minuto":"02"},{"id":"556399746006@s.whatsapp.net","minuto":"30"},{"id":"553891422035@s.whatsapp.net","minuto":"53"},{"id":"556192792501@s.whatsapp.net","minuto":"53"},{"id":"5514999095261@s.whatsapp.net","minuto":"32"},{"id":"5524978350641@s.whatsapp.net","minuto":"36"},{"id":"554892211436@s.whatsapp.net","minuto":"29"},{"id":"5518996148693@s.whatsapp.net","minuto":"13"},{"id":"558184433784@s.whatsapp.net","minuto":"28"},{"id":"5511948136968@s.whatsapp.net","minuto":"56"},{"id":"5511916441138@s.whatsapp.net","minuto":"35"},{"id":"5511957890662@s.whatsapp.net","minuto":"36"},{"id":"18622798724@s.whatsapp.net","minuto":"36"},{"id":"244957780352@s.whatsapp.net","minuto":"34"},{"id":"559294356480@s.whatsapp.net","minuto":"35"},{"id":"558882219336@s.whatsapp.net","minuto":"40"},{"id":"553497090056@s.whatsapp.net","minuto":"40"},{"id":"557184225953@s.whatsapp.net","minuto":"22"},{"id":"558698640833@s.whatsapp.net","minuto":"48"},{"id":"5511945599020@s.whatsapp.net","minuto":"37"},{"id":"5513981090133@s.whatsapp.net","minuto":"43"},{"id":"558293204123@s.whatsapp.net","minuto":"36"},{"id":"559985104524@s.whatsapp.net","minuto":"55"},{"id":"555196353622@s.whatsapp.net","minuto":"37"},{"id":"554591299015@s.whatsapp.net","minuto":"35"},{"id":"553192493109@s.whatsapp.net","minuto":"28"},{"id":"5521970778877@s.whatsapp.net","minuto":"48"},{"id":"5521976436912@s.whatsapp.net","minuto":"00"},{"id":"555599663743@s.whatsapp.net","minuto":"28"},{"id":"5527989032571@s.whatsapp.net","minuto":"16"},{"id":"558799733873@s.whatsapp.net","minuto":"16"},{"id":"5519989287526@s.whatsapp.net","minuto":"17"},{"id":"558288345485@s.whatsapp.net","minuto":"19"},{"id":"556198640741@s.whatsapp.net","minuto":"16"},{"id":"558591088424@s.whatsapp.net","minuto":"36"},{"id":"556496024085@s.whatsapp.net","minuto":"21"},{"id":"5511953369493@s.whatsapp.net","minuto":"56"},{"id":"5527988955494@s.whatsapp.net","minuto":"23"},{"id":"558381087731@s.whatsapp.net","minuto":"49"},{"id":"5512992083287@s.whatsapp.net","minuto":"28"},{"id":"5521995968157@s.whatsapp.net","minuto":"05"}]