[{"id":"5519989170949@s.whatsapp.net","minuto":"26"},{"id":"5511916441138@s.whatsapp.net","minuto":"06"},{"id":"556192792501@s.whatsapp.net","minuto":"47"},{"id":"18622798724@s.whatsapp.net","minuto":"56"},{"id":"244957780352@s.whatsapp.net","minuto":"21"},{"id":"5511957890662@s.whatsapp.net","minuto":"01"},{"id":"559294356480@s.whatsapp.net","minuto":"16"},{"id":"5518996148693@s.whatsapp.net","minuto":"17"},{"id":"558698640833@s.whatsapp.net","minuto":"17"},{"id":"558184433784@s.whatsapp.net","minuto":"43"},{"id":"5524978350641@s.whatsapp.net","minuto":"37"},{"id":"557184225953@s.whatsapp.net","minuto":"48"},{"id":"558293204123@s.whatsapp.net","minuto":"44"},{"id":"554591299015@s.whatsapp.net","minuto":"35"}]