[{"id":"556596947474@s.whatsapp.net","gpid":"120363227422808516@g.us","hrg":"15:08","drg":"29/04","nome":"Yurizinn","namebank":"NuBank","money":"99999999992525252525252525252525252525252525252525252525252525","pixD":5,"pixL":100,"limiteC":15,"horaC":"15","diaC":"29","mC":"04","limiteTh":3,"hrT":"15","limiteTd":24,"diaT":"29","mT":"04","bcbet":true},{"id":"556195860863@s.whatsapp.net","gpid":"120363278650043681@g.us","hrg":"19:46","drg":"02/05","nome":"ReiDelas","namebank":"Bradesco","money":275,"pixD":5,"pixL":100,"limiteC":15,"horaC":"19","diaC":"02","mC":"05","limiteTh":3,"hrT":"19","limiteTd":24,"diaT":"02","mT":"05","bcbet":true},{"id":"556192487817@s.whatsapp.net","gpid":"120363278650043681@g.us","hrg":"20:01","drg":"02/05","nome":"GG gostosão","namebank":"Caixa","money":325,"pixD":5,"pixL":100,"limiteC":15,"horaC":"20","diaC":"02","mC":"05","limiteTh":3,"hrT":"20","limiteTd":24,"diaT":"02","mT":"05","bcbet":true},{"id":"558596879373@s.whatsapp.net","gpid":"120363219755282052@g.us","hrg":"18:57","drg":"03/05","nome":"theus","namebank":"NuBank","money":75,"pixD":5,"pixL":100,"limiteC":15,"horaC":"18","diaC":"03","mC":"05","limiteTh":3,"hrT":"18","limiteTd":24,"diaT":"03","mT":"05","bcbet":true},{"id":"5511981106112@s.whatsapp.net","gpid":"120363219755282052@g.us","hrg":"15:47","drg":"04/05","nome":"GleysonDevs","namebank":"Banco do Brasil","money":100,"pixD":5,"pixL":100,"limiteC":15,"horaC":"15","diaC":"04","mC":"05","limiteTh":3,"hrT":"15","limiteTd":24,"diaT":"04","mT":"05","bcbet":true},{"id":"558688251030@s.whatsapp.net","gpid":"120363219755282052@g.us","hrg":"16:14","drg":"04/05","nome":"Yeison","namebank":"Next","money":146,"pixD":5,"pixL":100,"limiteC":15,"horaC":"16","diaC":"04","mC":"05","limiteTh":3,"hrT":"16","limiteTd":24,"diaT":"04","mT":"05","bcbet":true},{"id":"554884110621@s.whatsapp.net","gpid":"120363219755282052@g.us","hrg":"19:12","drg":"05/05","nome":"Kauai","namebank":"NuBank","money":50,"pixD":5,"pixL":100,"limiteC":15,"horaC":"19","diaC":"05","mC":"05","limiteTh":3,"hrT":"19","limiteTd":24,"diaT":"05","mT":"05","bcbet":true},{"id":"5517996178980@s.whatsapp.net","gpid":"120363219755282052@g.us","hrg":"05:40","drg":"06/05","nome":"miguel","namebank":"Next","money":75,"pixD":5,"pixL":100,"limiteC":15,"horaC":"05","diaC":"06","mC":"05","limiteTh":3,"hrT":"05","limiteTd":24,"diaT":"06","mT":"05","bcbet":true},{"id":"557581272275@s.whatsapp.net","gpid":"120363219755282052@g.us","hrg":"07:32","drg":"07/05","nome":"Suzuka","namebank":"Santander️","money":25,"pixD":5,"pixL":100,"limiteC":15,"horaC":"07","diaC":"07","mC":"05","limiteTh":3,"hrT":"07","limiteTd":24,"diaT":"07","mT":"05","bcbet":true},{"id":"553172595934@s.whatsapp.net","gpid":"120363306327969984@g.us","hrg":"23:24","drg":"09/06","nome":"Sandro bot","namebank":"Next","money":44124840427.86247,"pixD":5,"pixL":100,"limiteC":14,"horaC":"23","diaC":"09","mC":"06","limiteTh":3,"hrT":"23","limiteTd":24,"diaT":"09","mT":"06","bcbet":true},{"id":"5517981149332@s.whatsapp.net","gpid":"120363240867493803@g.us","hrg":"01:29","drg":"26/07","nome":"Ezequiel","namebank":"Banco do Brasil","money":50,"pixD":5,"pixL":100,"limiteC":15,"horaC":"01","diaC":"26","mC":"07","limiteTh":3,"hrT":"01","limiteTd":24,"diaT":"26","mT":"07","bcbet":true},{"id":"553195258814@s.whatsapp.net","gpid":"120363240867493803@g.us","hrg":"20:26","drg":"26/07","nome":"daniel244","namebank":"Caixa","money":152,"pixD":5,"pixL":100,"limiteC":15,"horaC":"20","diaC":"26","mC":"07","limiteTh":3,"hrT":"20","limiteTd":24,"diaT":"26","mT":"07","bcbet":true},{"id":"557399330899@s.whatsapp.net","gpid":"120363240867493803@g.us","hrg":"16:20","drg":"10/08","nome":"antrimodz","namebank":"PayPal","money":50,"pixD":5,"pixL":100,"limiteC":15,"horaC":"16","diaC":"10","mC":"08","limiteTh":3,"hrT":"16","limiteTd":24,"diaT":"10","mT":"08","bcbet":true},{"id":"5516994232898@s.whatsapp.net","gpid":"120363240867493803@g.us","hrg":"23:33","drg":"06/09","nome":"Lukinha","namebank":"Bradesco","money":75,"pixD":5,"pixL":100,"limiteC":15,"horaC":"23","diaC":"06","mC":"09","limiteTh":3,"hrT":"23","limiteTd":24,"diaT":"06","mT":"09","bcbet":true},{"id":"558181217457@s.whatsapp.net","gpid":"120363293877633063@g.us","hrg":"21:55","drg":"07/09","nome":"sumiu","namebank":"Banco do Brasil","money":590,"pixD":5,"pixL":100,"limiteC":15,"horaC":"21","diaC":"07","mC":"09","limiteTh":2,"hrT":"22","limiteTd":23,"diaT":"07","mT":"09","bcbet":true},{"id":"5516999870252@s.whatsapp.net","gpid":"120363293877633063@g.us","hrg":"19:28","drg":"28/09","nome":"aksksk","namebank":"Bradesco","money":350,"pixD":5,"pixL":100,"limiteC":15,"horaC":"19","diaC":"28","mC":"09","limiteTh":3,"hrT":"19","limiteTd":24,"diaT":"28","mT":"09","bcbet":true},{"id":"5519989170949@s.whatsapp.net","gpid":"120363279600991750@g.us","hrg":"16:32","drg":"30/09","nome":"Feh","namebank":"Santander️","money":1e+57,"pixD":5,"pixL":100,"limiteC":14,"horaC":"16","diaC":"30","mC":"09","limiteTh":2,"hrT":"19","limiteTd":23,"diaT":"24","mT":"10","bcbet":true},{"id":"351910980864@s.whatsapp.net","gpid":"120363306841600802@g.us","hrg":"07:58","drg":"06/10","nome":"Gringo","namebank":"Santander️","money":298,"pixD":5,"pixL":100,"limiteC":15,"horaC":"07","diaC":"06","mC":"10","limiteTh":3,"hrT":"07","limiteTd":24,"diaT":"06","mT":"10","bcbet":true},{"id":"258876379280@s.whatsapp.net","gpid":"120363293877633063@g.us","hrg":"11:00","drg":"09/10","nome":"Kazinho","namebank":"NuBank","money":75,"pixD":5,"pixL":100,"limiteC":15,"horaC":"11","diaC":"09","mC":"10","limiteTh":3,"hrT":"11","limiteTd":24,"diaT":"09","mT":"10","bcbet":true},{"id":"244930036731@s.whatsapp.net","gpid":"120363326075942072@g.us","hrg":"13:10","drg":"09/10","nome":"Trecio","namebank":"Santander️","money":75,"pixD":5,"pixL":100,"limiteC":15,"horaC":"13","diaC":"09","mC":"10","limiteTh":3,"hrT":"19","limiteTd":24,"diaT":"26","mT":"10","bcbet":true},{"id":"556294341077@s.whatsapp.net","gpid":"120363293877633063@g.us","hrg":"18:31","drg":"09/10","nome":"Carlin","namebank":"Itaú","money":25,"pixD":5,"pixL":100,"limiteC":15,"horaC":"18","diaC":"09","mC":"10","limiteTh":3,"hrT":"18","limiteTd":24,"diaT":"09","mT":"10","bcbet":true},{"id":"5519997821326@s.whatsapp.net","gpid":"120363240867493803@g.us","hrg":"12:44","drg":"12/10","nome":"Nick","namebank":"PagBank️","money":150,"pixD":5,"pixL":100,"limiteC":15,"horaC":"12","diaC":"12","mC":"10","limiteTh":3,"hrT":"12","limiteTd":24,"diaT":"12","mT":"10","bcbet":true},{"id":"555199213590@s.whatsapp.net","gpid":"120363306841600802@g.us","hrg":"17:54","drg":"13/10","nome":"biel","namebank":"Next","money":361,"pixD":5,"pixL":100,"limiteC":15,"horaC":"17","diaC":"13","mC":"10","limiteTh":2,"hrT":"17","limiteTd":23,"diaT":"13","mT":"10","bcbet":true},{"id":"553195595444@s.whatsapp.net","gpid":"120363306841600802@g.us","hrg":"17:54","drg":"13/10","nome":"Sandro","namebank":"Next","money":1e+49,"pixD":5,"pixL":100,"limiteC":15,"horaC":"17","diaC":"13","mC":"10","limiteTh":3,"hrT":"17","limiteTd":24,"diaT":"13","mT":"10","bcbet":true,"segurança":80},{"id":"554896341548@s.whatsapp.net","gpid":"120363279600991750@g.us","hrg":"01:00","drg":"14/10","nome":"Lucas gameplay","namebank":"Itaú","money":75.29999999701977,"pixD":5,"pixL":100,"limiteC":15,"horaC":"01","diaC":"14","mC":"10","limiteTh":0,"hrT":"15","limiteTd":21,"diaT":"23","mT":"10","bcbet":true},{"id":"554892211436@s.whatsapp.net","gpid":"120363279600991750@g.us","hrg":"01:06","drg":"14/10","nome":"Nicolas","namebank":"Bradesco","money":109549286.495,"pixD":5,"pixL":100,"limiteC":15,"horaC":"01","diaC":"14","mC":"10","limiteTh":3,"hrT":"01","limiteTd":24,"diaT":"14","mT":"10","bcbet":true},{"id":"553891422035@s.whatsapp.net","gpid":"120363279600991750@g.us","hrg":"00:43","drg":"17/10","nome":"João Pedro","namebank":"Bradesco","money":1783623797.768,"pixD":5,"pixL":100,"limiteC":14,"horaC":"00","diaC":"17","mC":"10","limiteTh":2,"hrT":"23","limiteTd":23,"diaT":"29","mT":"10","bcbet":true},{"id":"558388528832@s.whatsapp.net","gpid":"120363279600991750@g.us","hrg":"08:54","drg":"19/10","nome":"kleiton","namebank":"Inter","money":992180.5,"pixD":5,"pixL":100,"limiteC":12,"horaC":"08","diaC":"19","mC":"10","limiteTh":3,"hrT":"17","limiteTd":24,"diaT":"23","mT":"10","bcbet":true},{"id":"556399746006@s.whatsapp.net","gpid":"120363279600991750@g.us","hrg":"09:10","drg":"20/10","nome":"manel","namebank":"Santander️","money":1e+36,"pixD":5,"pixL":100,"limiteC":17,"horaC":"11","diaC":"20","mC":"10","limiteTh":2,"hrT":"17","limiteTd":23,"diaT":"24","mT":"10","bcbet":true},{"id":"5514999095261@s.whatsapp.net","gpid":"120363279600991750@g.us","hrg":"13:37","drg":"20/10","nome":"Vinícius","namebank":"NuBank","money":143531,"pixD":5,"pixL":100,"limiteC":15,"horaC":"13","diaC":"20","mC":"10","limiteTh":3,"hrT":"12","limiteTd":24,"diaT":"27","mT":"10","bcbet":true},{"id":"556192792501@s.whatsapp.net","gpid":"120363279600991750@g.us","hrg":"13:49","drg":"20/10","nome":"menorzin do trem11","namebank":"PicPay","money":333086738.764,"pixD":5,"pixL":100,"limiteC":14,"horaC":"13","diaC":"20","mC":"10","limiteTh":2,"hrT":"15","limiteTd":23,"diaT":"20","mT":"10","bcbet":true},{"id":"5511916441138@s.whatsapp.net","gpid":"120363279600991750@g.us","hrg":"13:54","drg":"20/10","nome":"Kecyn","namebank":"Caixa","money":2301,"pixD":5,"pixL":100,"limiteC":15,"horaC":"13","diaC":"20","mC":"10","limiteTh":2,"hrT":"23","limiteTd":23,"diaT":"29","mT":"10","bcbet":true},{"id":"5524978350641@s.whatsapp.net","gpid":"120363279600991750@g.us","hrg":"14:09","drg":"20/10","nome":"príncipe do ttk","namebank":"Caixa","money":118416,"pixD":5,"pixL":100,"limiteC":15,"horaC":"14","diaC":"20","mC":"10","limiteTh":0,"hrT":"19","limiteTd":18,"diaT":"29","mT":"10","bcbet":true},{"id":"557196195552@s.whatsapp.net","gpid":"120363279600991750@g.us","hrg":"14:10","drg":"20/10","nome":"vicckzx","namebank":"Santander️","money":29944,"pixD":5,"pixL":100,"limiteC":15,"horaC":"14","diaC":"20","mC":"10","limiteTh":3,"hrT":"14","limiteTd":24,"diaT":"20","mT":"10","bcbet":true},{"id":"558184433784@s.whatsapp.net","gpid":"120363279600991750@g.us","hrg":"15:40","drg":"20/10","nome":"maark.pjl","namebank":"Banco do Brasil","money":161842.5,"pixD":5,"pixL":100,"limiteC":14,"horaC":"15","diaC":"20","mC":"10","limiteTh":2,"hrT":"16","limiteTd":23,"diaT":"28","mT":"10","bcbet":true},{"id":"558592304987@s.whatsapp.net","gpid":"120363240867493803@g.us","hrg":"21:13","drg":"20/10","nome":"𝑬𝒍𝒊𝒂𝒔𝒑𝒌-𝑩𝑶𝑻🔥🤬","namebank":"Inter","money":75,"pixD":5,"pixL":100,"limiteC":15,"horaC":"21","diaC":"20","mC":"10","limiteTh":3,"hrT":"21","limiteTd":24,"diaT":"20","mT":"10","bcbet":true},{"id":"5518996148693@s.whatsapp.net","gpid":"120363279600991750@g.us","hrg":"11:41","drg":"21/10","nome":"Diego..","namebank":"Itaú","money":10197327,"pixD":5,"pixL":100,"limiteC":15,"horaC":"11","diaC":"21","mC":"10","limiteTh":2,"hrT":"10","limiteTd":23,"diaT":"24","mT":"10","bcbet":true},{"id":"5511948136968@s.whatsapp.net","gpid":"120363279600991750@g.us","hrg":"20:53","drg":"21/10","nome":"Samuel","namebank":"PicPay","money":31094,"pixD":5,"pixL":100,"limiteC":15,"horaC":"20","diaC":"21","mC":"10","limiteTh":2,"hrT":"23","limiteTd":23,"diaT":"23","mT":"10","bcbet":true},{"id":"558698640833@s.whatsapp.net","gpid":"120363279600991750@g.us","hrg":"20:11","drg":"22/10","nome":"Mlk_gustavo.0","namebank":"PicPay","money":54084.20000000001,"pixD":5,"pixL":100,"limiteC":15,"horaC":"20","diaC":"22","mC":"10","limiteTh":2,"hrT":"15","limiteTd":23,"diaT":"28","mT":"10","bcbet":true},{"id":"5511957890662@s.whatsapp.net","gpid":"120363326075942072@g.us","hrg":"00:26","drg":"23/10","nome":"gui.italy","namebank":"Bradesco","money":34890.5,"pixD":5,"pixL":100,"limiteC":15,"horaC":"00","diaC":"23","mC":"10","limiteTh":2,"hrT":"14","limiteTd":23,"diaT":"27","mT":"10","bcbet":true},{"id":"18622798724@s.whatsapp.net","gpid":"120363326075942072@g.us","hrg":"13:17","drg":"23/10","nome":"┌⁠(⁠・⁠。⁠・⁠)⁠┘⁠♪","namebank":"Santander️","money":51384,"pixD":5,"pixL":100,"limiteC":11,"horaC":"16","diaC":"23","mC":"10","limiteTh":0,"hrT":"17","limiteTd":21,"diaT":"26","mT":"10","bcbet":true},{"id":"244957780352@s.whatsapp.net","gpid":"120363326075942072@g.us","hrg":"13:27","drg":"23/10","nome":"Flixx","namebank":"Itaú","money":50071.3,"pixD":5,"pixL":100,"limiteC":18,"horaC":"19","diaC":"23","mC":"10","limiteTh":0,"hrT":"19","limiteTd":19,"diaT":"25","mT":"10","bcbet":true},{"id":"558882219336@s.whatsapp.net","gpid":"120363279600991750@g.us","hrg":"14:21","drg":"23/10","nome":"Anna liz","namebank":"Inter","money":30,"pixD":5,"pixL":100,"limiteC":15,"horaC":"14","diaC":"23","mC":"10","limiteTh":3,"hrT":"14","limiteTd":24,"diaT":"23","mT":"10","bcbet":true},{"id":"559294356480@s.whatsapp.net","gpid":"120363279600991750@g.us","hrg":"14:24","drg":"23/10","nome":"Miih","namebank":"Santander️","money":3917,"pixD":5,"pixL":100,"limiteC":15,"horaC":"14","diaC":"23","mC":"10","limiteTh":2,"hrT":"23","limiteTd":23,"diaT":"29","mT":"10","bcbet":true},{"id":"5511945599020@s.whatsapp.net","gpid":"120363326075942072@g.us","hrg":"19:41","drg":"23/10","nome":"Comedor de Casada","namebank":"Caixa","money":384.5,"pixD":5,"pixL":100,"limiteC":13,"horaC":"19","diaC":"23","mC":"10","limiteTh":2,"hrT":"20","limiteTd":23,"diaT":"25","mT":"10","bcbet":true},{"id":"553497090056@s.whatsapp.net","gpid":"120363326075942072@g.us","hrg":"22:45","drg":"23/10","nome":"Mirian","namebank":"Inter","money":10110,"pixD":5,"pixL":100,"limiteC":15,"horaC":"22","diaC":"23","mC":"10","limiteTh":3,"hrT":"22","limiteTd":24,"diaT":"23","mT":"10","bcbet":true},{"id":"557184225953@s.whatsapp.net","gpid":"120363279600991750@g.us","hrg":"23:22","drg":"23/10","nome":"mj","namebank":"Next","money":994429,"pixD":5,"pixL":100,"limiteC":15,"horaC":"23","diaC":"23","mC":"10","limiteTh":2,"hrT":"21","limiteTd":23,"diaT":"26","mT":"10","bcbet":true},{"id":"553199429285@s.whatsapp.net","gpid":"120363279600991750@g.us","hrg":"07:52","drg":"24/10","nome":"icaro","namebank":"PagBank️","money":125,"pixD":5,"pixL":100,"limiteC":15,"horaC":"07","diaC":"24","mC":"10","limiteTh":3,"hrT":"07","limiteTd":24,"diaT":"24","mT":"10","bcbet":true},{"id":"5521966827743@s.whatsapp.net","gpid":"120363240867493803@g.us","hrg":"21:46","drg":"24/10","nome":"strupa veia","namebank":"Caixa","money":75,"pixD":5,"pixL":100,"limiteC":15,"horaC":"21","diaC":"24","mC":"10","limiteTh":3,"hrT":"21","limiteTd":24,"diaT":"24","mT":"10","bcbet":true},{"id":"5513981090133@s.whatsapp.net","gpid":"120363279600991750@g.us","hrg":"16:29","drg":"27/10","nome":"junior","namebank":"Next","money":9900221,"pixD":5,"pixL":100,"limiteC":15,"horaC":"16","diaC":"27","mC":"10","limiteTh":3,"hrT":"16","limiteTd":24,"diaT":"27","mT":"10","bcbet":true},{"id":"559191757579@s.whatsapp.net","gpid":"120363279600991750@g.us","hrg":"20:20","drg":"27/10","nome":"dantes","namebank":"PayPal","money":992050,"pixD":5,"pixL":100,"limiteC":15,"horaC":"20","diaC":"27","mC":"10","limiteTh":3,"hrT":"20","limiteTd":24,"diaT":"27","mT":"10","bcbet":true},{"id":"558293204123@s.whatsapp.net","gpid":"120363279600991750@g.us","hrg":"16:36","drg":"28/10","nome":"Hayji","namebank":"PicPay","money":992522,"pixD":5,"pixL":100,"limiteC":15,"horaC":"16","diaC":"28","mC":"10","limiteTh":1,"hrT":"16","limiteTd":22,"diaT":"28","mT":"10","bcbet":true},{"id":"558291171520@s.whatsapp.net","gpid":"120363240867493803@g.us","hrg":"08:21","drg":"01/11","nome":"Jhonnata","namebank":"Bradesco","money":25,"pixD":5,"pixL":100,"limiteC":15,"horaC":"08","diaC":"01","mC":"11","limiteTh":3,"hrT":"08","limiteTd":24,"diaT":"01","mT":"11","bcbet":true},{"id":"555186516033@s.whatsapp.net","limite":2,"hora":"00","dia":"15","dinheiro":0,"preso":false,"segurança":20},{"id":"555196353622@s.whatsapp.net","limite":1,"hora":"13","dia":"16","dinheiro":0,"preso":false,"segurança":20},{"id":"554591299015@s.whatsapp.net","limite":0,"hora":"10","dia":"21","dinheiro":0,"preso":false,"segurança":20},{"id":"553192493109@s.whatsapp.net","limite":0,"hora":"10","dia":"21","dinheiro":0,"preso":false,"segurança":20},{"id":"5521970778877@s.whatsapp.net","limite":1,"hora":"13","dia":"20","dinheiro":25,"preso":true,"segurança":20},{"id":"5521976436912@s.whatsapp.net","limite":0,"hora":"18","dia":"20","dinheiro":0,"preso":false,"segurança":20},{"id":"556892422352@s.whatsapp.net","limite":1,"hora":"11","dia":"29","dinheiro":0,"preso":false,"segurança":20},{"id":"553197176438@s.whatsapp.net","limite":0,"hora":"10","dia":"21","dinheiro":0,"preso":false,"segurança":20},{"id":"5527989032571@s.whatsapp.net","limite":0,"hora":"22","dia":"13","dinheiro":0,"preso":false,"segurança":20},{"id":"557499427805@s.whatsapp.net","limite":1,"hora":"22","dia":"05","dinheiro":0,"preso":false,"segurança":20},{"id":"558799733873@s.whatsapp.net","limite":0,"hora":"16","dia":"10","dinheiro":0,"preso":false,"segurança":20},{"id":"5519989287526@s.whatsapp.net","limite":1,"hora":"15","dia":"05","dinheiro":0,"preso":false,"segurança":20},{"id":"558288345485@s.whatsapp.net","limite":1,"hora":"22","dia":"09","dinheiro":0,"preso":false,"segurança":20},{"id":"556198640741@s.whatsapp.net","limite":1,"hora":"17","dia":"10","dinheiro":0,"preso":false,"segurança":20},{"id":"553398659992@s.whatsapp.net","limite":1,"hora":"09","dia":"18","dinheiro":8,"preso":true,"segurança":20},{"id":"556496024085@s.whatsapp.net","limite":1,"hora":"14","dia":"24","dinheiro":0,"preso":true,"segurança":20},{"id":"557399759953@s.whatsapp.net","limite":1,"hora":"09","dia":"18","dinheiro":0,"preso":false,"segurança":20},{"id":"556892254505@s.whatsapp.net","limite":0,"hora":"20","dia":"23","dinheiro":0,"preso":false,"segurança":20},{"id":"555493366161@s.whatsapp.net","limite":0,"hora":"11","dia":"24","dinheiro":0,"preso":false,"segurança":20},{"id":"553195693426@s.whatsapp.net","limite":2,"hora":"09","dia":"10","dinheiro":0,"preso":false,"segurança":20},{"id":"558381087731@s.whatsapp.net","limite":1,"hora":"21","dia":"13","dinheiro":0,"preso":false,"segurança":20},{"id":"558882305688@s.whatsapp.net","limite":2,"hora":"04","dia":"20","dinheiro":0,"preso":false,"segurança":20},{"id":"554796379980@s.whatsapp.net","limite":1,"hora":"10","dia":"20","dinheiro":0,"preso":false,"segurança":20},{"id":"5521995968157@s.whatsapp.net","limite":1,"hora":"23","dia":"06","dinheiro":0,"preso":false,"segurança":20},{"id":"559885202932@s.whatsapp.net","limite":1,"hora":"16","dia":"07","dinheiro":0,"preso":false,"segurança":20}]