[{"id":"556596947474@s.whatsapp.net","gpid":"120363227422808516@g.us","hrg":"15:08","drg":"29/04","nome":"Sandro md","namebank":"NuBank","money":"99999999992525252525252525252525252525252525252525252525252525","pixD":5,"pixL":100,"limiteC":15,"horaC":"15","diaC":"29","mC":"04","limiteTh":3,"hrT":"15","limiteTd":24,"diaT":"29","mT":"04","bcbet":true},{"id":"556195860863@s.whatsapp.net","gpid":"120363278650043681@g.us","hrg":"19:46","drg":"02/05","nome":"ReiDelas","namebank":"Bradesco","money":275,"pixD":5,"pixL":100,"limiteC":15,"horaC":"19","diaC":"02","mC":"05","limiteTh":3,"hrT":"19","limiteTd":24,"diaT":"02","mT":"05","bcbet":true},{"id":"556192487817@s.whatsapp.net","gpid":"120363278650043681@g.us","hrg":"20:01","drg":"02/05","nome":"GG gostosão","namebank":"Caixa","money":325,"pixD":5,"pixL":100,"limiteC":15,"horaC":"20","diaC":"02","mC":"05","limiteTh":3,"hrT":"20","limiteTd":24,"diaT":"02","mT":"05","bcbet":true},{"id":"558596879373@s.whatsapp.net","gpid":"120363219755282052@g.us","hrg":"18:57","drg":"03/05","nome":"theus","namebank":"NuBank","money":75,"pixD":5,"pixL":100,"limiteC":15,"horaC":"18","diaC":"03","mC":"05","limiteTh":3,"hrT":"18","limiteTd":24,"diaT":"03","mT":"05","bcbet":true},{"id":"5511981106112@s.whatsapp.net","gpid":"120363219755282052@g.us","hrg":"15:47","drg":"04/05","nome":"GleysonDevs","namebank":"Banco do Brasil","money":100,"pixD":5,"pixL":100,"limiteC":15,"horaC":"15","diaC":"04","mC":"05","limiteTh":3,"hrT":"15","limiteTd":24,"diaT":"04","mT":"05","bcbet":true},{"id":"558688251030@s.whatsapp.net","gpid":"120363219755282052@g.us","hrg":"16:14","drg":"04/05","nome":"Yeison","namebank":"Next","money":146,"pixD":5,"pixL":100,"limiteC":15,"horaC":"16","diaC":"04","mC":"05","limiteTh":3,"hrT":"16","limiteTd":24,"diaT":"04","mT":"05","bcbet":true},{"id":"554884110621@s.whatsapp.net","gpid":"120363219755282052@g.us","hrg":"19:12","drg":"05/05","nome":"Kauai","namebank":"NuBank","money":50,"pixD":5,"pixL":100,"limiteC":15,"horaC":"19","diaC":"05","mC":"05","limiteTh":3,"hrT":"19","limiteTd":24,"diaT":"05","mT":"05","bcbet":true},{"id":"5517996178980@s.whatsapp.net","gpid":"120363219755282052@g.us","hrg":"05:40","drg":"06/05","nome":"miguel","namebank":"Next","money":75,"pixD":5,"pixL":100,"limiteC":15,"horaC":"05","diaC":"06","mC":"05","limiteTh":3,"hrT":"05","limiteTd":24,"diaT":"06","mT":"05","bcbet":true},{"id":"557581272275@s.whatsapp.net","gpid":"120363219755282052@g.us","hrg":"07:32","drg":"07/05","nome":"Suzuka","namebank":"Santander️","money":25,"pixD":5,"pixL":100,"limiteC":15,"horaC":"07","diaC":"07","mC":"05","limiteTh":3,"hrT":"07","limiteTd":24,"diaT":"07","mT":"05","bcbet":true},{"id":"553172595934@s.whatsapp.net","gpid":"120363306327969984@g.us","hrg":"23:24","drg":"09/06","nome":"Sandro bot","namebank":"Next","money":44124840427.86247,"pixD":5,"pixL":100,"limiteC":14,"horaC":"23","diaC":"09","mC":"06","limiteTh":3,"hrT":"23","limiteTd":24,"diaT":"09","mT":"06","bcbet":true},{"id":"5517981149332@s.whatsapp.net","gpid":"120363240867493803@g.us","hrg":"01:29","drg":"26/07","nome":"Ezequiel","namebank":"Banco do Brasil","money":50,"pixD":5,"pixL":100,"limiteC":15,"horaC":"01","diaC":"26","mC":"07","limiteTh":3,"hrT":"01","limiteTd":24,"diaT":"26","mT":"07","bcbet":true},{"id":"553195258814@s.whatsapp.net","gpid":"120363240867493803@g.us","hrg":"20:26","drg":"26/07","nome":"daniel244","namebank":"Caixa","money":152,"pixD":5,"pixL":100,"limiteC":15,"horaC":"20","diaC":"26","mC":"07","limiteTh":3,"hrT":"20","limiteTd":24,"diaT":"26","mT":"07","bcbet":true},{"id":"557399330899@s.whatsapp.net","gpid":"120363240867493803@g.us","hrg":"16:20","drg":"10/08","nome":"antrimodz","namebank":"PayPal","money":50,"pixD":5,"pixL":100,"limiteC":15,"horaC":"16","diaC":"10","mC":"08","limiteTh":3,"hrT":"16","limiteTd":24,"diaT":"10","mT":"08","bcbet":true},{"id":"5516994232898@s.whatsapp.net","gpid":"120363240867493803@g.us","hrg":"23:33","drg":"06/09","nome":"Lukinha","namebank":"Bradesco","money":75,"pixD":5,"pixL":100,"limiteC":15,"horaC":"23","diaC":"06","mC":"09","limiteTh":3,"hrT":"23","limiteTd":24,"diaT":"06","mT":"09","bcbet":true},{"id":"558181217457@s.whatsapp.net","gpid":"120363293877633063@g.us","hrg":"21:55","drg":"07/09","nome":"sumiu","namebank":"Banco do Brasil","money":590,"pixD":5,"pixL":100,"limiteC":15,"horaC":"21","diaC":"07","mC":"09","limiteTh":2,"hrT":"22","limiteTd":23,"diaT":"07","mT":"09","bcbet":true},{"id":"5516999870252@s.whatsapp.net","gpid":"120363293877633063@g.us","hrg":"19:28","drg":"28/09","nome":"aksksk","namebank":"Bradesco","money":375,"pixD":5,"pixL":100,"limiteC":15,"horaC":"19","diaC":"28","mC":"09","limiteTh":3,"hrT":"19","limiteTd":24,"diaT":"28","mT":"09","bcbet":true},{"id":"5519989170949@s.whatsapp.net","gpid":"120363279600991750@g.us","hrg":"16:32","drg":"30/09","nome":"Feh","namebank":"Santander️","money":1e+57,"pixD":5,"pixL":100,"limiteC":14,"horaC":"16","diaC":"30","mC":"09","limiteTh":2,"hrT":"19","limiteTd":23,"diaT":"24","mT":"10","bcbet":true},{"id":"351910980864@s.whatsapp.net","gpid":"120363306841600802@g.us","hrg":"07:58","drg":"06/10","nome":"Gringo","namebank":"Santander️","money":373,"pixD":5,"pixL":100,"limiteC":15,"horaC":"07","diaC":"06","mC":"10","limiteTh":3,"hrT":"07","limiteTd":24,"diaT":"06","mT":"10","bcbet":true},{"id":"258876379280@s.whatsapp.net","gpid":"120363293877633063@g.us","hrg":"11:00","drg":"09/10","nome":"Kazinho","namebank":"NuBank","money":75,"pixD":5,"pixL":100,"limiteC":15,"horaC":"11","diaC":"09","mC":"10","limiteTh":3,"hrT":"11","limiteTd":24,"diaT":"09","mT":"10","bcbet":true},{"id":"244930036731@s.whatsapp.net","gpid":"120363326075942072@g.us","hrg":"13:10","drg":"09/10","nome":"Trecio","namebank":"Santander️","money":175,"pixD":5,"pixL":100,"limiteC":15,"horaC":"13","diaC":"09","mC":"10","limiteTh":3,"hrT":"14","limiteTd":24,"diaT":"11","mT":"11","bcbet":true},{"id":"556294341077@s.whatsapp.net","gpid":"120363293877633063@g.us","hrg":"18:31","drg":"09/10","nome":"Carlin","namebank":"Itaú","money":25,"pixD":5,"pixL":100,"limiteC":15,"horaC":"18","diaC":"09","mC":"10","limiteTh":3,"hrT":"18","limiteTd":24,"diaT":"09","mT":"10","bcbet":true},{"id":"5519997821326@s.whatsapp.net","gpid":"120363240867493803@g.us","hrg":"12:44","drg":"12/10","nome":"Nick","namebank":"PagBank️","money":400,"pixD":5,"pixL":100,"limiteC":15,"horaC":"12","diaC":"12","mC":"10","limiteTh":3,"hrT":"12","limiteTd":24,"diaT":"12","mT":"10","bcbet":true},{"id":"555199213590@s.whatsapp.net","gpid":"120363306841600802@g.us","hrg":"17:54","drg":"13/10","nome":"biel","namebank":"Next","money":886,"pixD":5,"pixL":100,"limiteC":15,"horaC":"17","diaC":"13","mC":"10","limiteTh":2,"hrT":"17","limiteTd":23,"diaT":"13","mT":"10","bcbet":true},{"id":"553195595444@s.whatsapp.net","gpid":"120363306841600802@g.us","hrg":"17:54","drg":"13/10","nome":"Sandro","namebank":"Next","money":1e+49,"pixD":5,"pixL":100,"limiteC":15,"horaC":"17","diaC":"13","mC":"10","limiteTh":3,"hrT":"17","limiteTd":24,"diaT":"13","mT":"10","bcbet":true},{"id":"554896341548@s.whatsapp.net","gpid":"120363279600991750@g.us","hrg":"01:00","drg":"14/10","nome":"Lucas gameplay","namebank":"Itaú","money":75.29999999701977,"pixD":5,"pixL":100,"limiteC":15,"horaC":"01","diaC":"14","mC":"10","limiteTh":0,"hrT":"15","limiteTd":21,"diaT":"23","mT":"10","bcbet":true},{"id":"554892211436@s.whatsapp.net","gpid":"120363279600991750@g.us","hrg":"01:06","drg":"14/10","nome":"Nicolas","namebank":"Bradesco","money":109549286.495,"pixD":5,"pixL":100,"limiteC":15,"horaC":"01","diaC":"14","mC":"10","limiteTh":3,"hrT":"01","limiteTd":24,"diaT":"14","mT":"10","bcbet":true},{"id":"553891422035@s.whatsapp.net","gpid":"120363279600991750@g.us","hrg":"00:43","drg":"17/10","nome":"João Pedro","namebank":"Bradesco","money":1783623797.768,"pixD":5,"pixL":100,"limiteC":14,"horaC":"00","diaC":"17","mC":"10","limiteTh":2,"hrT":"23","limiteTd":23,"diaT":"29","mT":"10","bcbet":true},{"id":"558388528832@s.whatsapp.net","gpid":"120363279600991750@g.us","hrg":"08:54","drg":"19/10","nome":"kleiton","namebank":"Inter","money":992180.5,"pixD":5,"pixL":100,"limiteC":12,"horaC":"08","diaC":"19","mC":"10","limiteTh":3,"hrT":"17","limiteTd":24,"diaT":"23","mT":"10","bcbet":true},{"id":"556399746006@s.whatsapp.net","gpid":"120363279600991750@g.us","hrg":"09:10","drg":"20/10","nome":"manel","namebank":"Santander️","money":1e+36,"pixD":5,"pixL":100,"limiteC":17,"horaC":"11","diaC":"20","mC":"10","limiteTh":2,"hrT":"17","limiteTd":23,"diaT":"24","mT":"10","bcbet":true},{"id":"5514999095261@s.whatsapp.net","gpid":"120363279600991750@g.us","hrg":"13:37","drg":"20/10","nome":"Vinícius","namebank":"NuBank","money":143531,"pixD":5,"pixL":100,"limiteC":15,"horaC":"13","diaC":"20","mC":"10","limiteTh":3,"hrT":"12","limiteTd":24,"diaT":"27","mT":"10","bcbet":true},{"id":"556192792501@s.whatsapp.net","gpid":"120363279600991750@g.us","hrg":"13:49","drg":"20/10","nome":"menorzin do trem11","namebank":"PicPay","money":333086888.764,"pixD":5,"pixL":100,"limiteC":14,"horaC":"13","diaC":"20","mC":"10","limiteTh":2,"hrT":"15","limiteTd":23,"diaT":"20","mT":"10","bcbet":true},{"id":"5511916441138@s.whatsapp.net","gpid":"120363279600991750@g.us","hrg":"13:54","drg":"20/10","nome":"Kecyn","namebank":"Caixa","money":2301,"pixD":5,"pixL":100,"limiteC":15,"horaC":"13","diaC":"20","mC":"10","limiteTh":2,"hrT":"23","limiteTd":23,"diaT":"29","mT":"10","bcbet":true},{"id":"5524978350641@s.whatsapp.net","gpid":"120363279600991750@g.us","hrg":"14:09","drg":"20/10","nome":"príncipe do ttk","namebank":"Caixa","money":118416,"pixD":5,"pixL":100,"limiteC":15,"horaC":"14","diaC":"20","mC":"10","limiteTh":0,"hrT":"19","limiteTd":18,"diaT":"29","mT":"10","bcbet":true},{"id":"557196195552@s.whatsapp.net","gpid":"120363279600991750@g.us","hrg":"14:10","drg":"20/10","nome":"vicckzx","namebank":"Santander️","money":29944,"pixD":5,"pixL":100,"limiteC":15,"horaC":"14","diaC":"20","mC":"10","limiteTh":3,"hrT":"14","limiteTd":24,"diaT":"20","mT":"10","bcbet":true},{"id":"558184433784@s.whatsapp.net","gpid":"120363279600991750@g.us","hrg":"15:40","drg":"20/10","nome":"maark.pjl","namebank":"Banco do Brasil","money":161842.5,"pixD":5,"pixL":100,"limiteC":14,"horaC":"15","diaC":"20","mC":"10","limiteTh":2,"hrT":"16","limiteTd":23,"diaT":"28","mT":"10","bcbet":true},{"id":"558592304987@s.whatsapp.net","gpid":"120363240867493803@g.us","hrg":"21:13","drg":"20/10","nome":"𝑬𝒍𝒊𝒂𝒔𝒑𝒌-𝑩𝑶𝑻🔥🤬","namebank":"Inter","money":150,"pixD":5,"pixL":100,"limiteC":15,"horaC":"21","diaC":"20","mC":"10","limiteTh":3,"hrT":"21","limiteTd":24,"diaT":"20","mT":"10","bcbet":true},{"id":"5518996148693@s.whatsapp.net","gpid":"120363279600991750@g.us","hrg":"11:41","drg":"21/10","nome":"Diego..","namebank":"Itaú","money":10197327,"pixD":5,"pixL":100,"limiteC":15,"horaC":"11","diaC":"21","mC":"10","limiteTh":2,"hrT":"10","limiteTd":23,"diaT":"24","mT":"10","bcbet":true},{"id":"5511948136968@s.whatsapp.net","gpid":"120363279600991750@g.us","hrg":"20:53","drg":"21/10","nome":"Samuel","namebank":"PicPay","money":31119,"pixD":5,"pixL":100,"limiteC":15,"horaC":"20","diaC":"21","mC":"10","limiteTh":2,"hrT":"23","limiteTd":23,"diaT":"23","mT":"10","bcbet":true},{"id":"558698640833@s.whatsapp.net","gpid":"120363279600991750@g.us","hrg":"20:11","drg":"22/10","nome":"Mlk_gustavo.0","namebank":"PicPay","money":54084.20000000001,"pixD":5,"pixL":100,"limiteC":15,"horaC":"20","diaC":"22","mC":"10","limiteTh":2,"hrT":"15","limiteTd":23,"diaT":"28","mT":"10","bcbet":true},{"id":"5511957890662@s.whatsapp.net","gpid":"120363326075942072@g.us","hrg":"00:26","drg":"23/10","nome":"gui.italy","namebank":"Bradesco","money":37390.5,"pixD":5,"pixL":100,"limiteC":15,"horaC":"00","diaC":"23","mC":"10","limiteTh":2,"hrT":"14","limiteTd":23,"diaT":"27","mT":"10","bcbet":true},{"id":"18622798724@s.whatsapp.net","gpid":"120363326075942072@g.us","hrg":"13:17","drg":"23/10","nome":"┌⁠(⁠・⁠。⁠・⁠)⁠┘⁠♪","namebank":"Santander️","money":51484,"pixD":5,"pixL":100,"limiteC":11,"horaC":"16","diaC":"23","mC":"10","limiteTh":0,"hrT":"17","limiteTd":21,"diaT":"26","mT":"10","bcbet":true},{"id":"244957780352@s.whatsapp.net","gpid":"120363326075942072@g.us","hrg":"13:27","drg":"23/10","nome":"Flixx","namebank":"Itaú","money":50171.3,"pixD":5,"pixL":100,"limiteC":18,"horaC":"19","diaC":"23","mC":"10","limiteTh":0,"hrT":"19","limiteTd":19,"diaT":"25","mT":"10","bcbet":true},{"id":"558882219336@s.whatsapp.net","gpid":"120363279600991750@g.us","hrg":"14:21","drg":"23/10","nome":"Anna liz","namebank":"Inter","money":30,"pixD":5,"pixL":100,"limiteC":15,"horaC":"14","diaC":"23","mC":"10","limiteTh":3,"hrT":"14","limiteTd":24,"diaT":"23","mT":"10","bcbet":true},{"id":"559294356480@s.whatsapp.net","gpid":"120363279600991750@g.us","hrg":"14:24","drg":"23/10","nome":"Miih","namebank":"Santander️","money":3917,"pixD":5,"pixL":100,"limiteC":15,"horaC":"14","diaC":"23","mC":"10","limiteTh":2,"hrT":"23","limiteTd":23,"diaT":"29","mT":"10","bcbet":true},{"id":"5511945599020@s.whatsapp.net","gpid":"120363326075942072@g.us","hrg":"19:41","drg":"23/10","nome":"Comedor de Casada","namebank":"Caixa","money":759.5,"pixD":5,"pixL":100,"limiteC":13,"horaC":"19","diaC":"23","mC":"10","limiteTh":2,"hrT":"20","limiteTd":23,"diaT":"25","mT":"10","bcbet":true},{"id":"553497090056@s.whatsapp.net","gpid":"120363326075942072@g.us","hrg":"22:45","drg":"23/10","nome":"Mirian","namebank":"Inter","money":10760,"pixD":5,"pixL":100,"limiteC":15,"horaC":"22","diaC":"23","mC":"10","limiteTh":3,"hrT":"22","limiteTd":24,"diaT":"23","mT":"10","bcbet":true},{"id":"557184225953@s.whatsapp.net","gpid":"120363279600991750@g.us","hrg":"23:22","drg":"23/10","nome":"mj","namebank":"Next","money":994429,"pixD":5,"pixL":100,"limiteC":15,"horaC":"23","diaC":"23","mC":"10","limiteTh":2,"hrT":"21","limiteTd":23,"diaT":"26","mT":"10","bcbet":true},{"id":"553199429285@s.whatsapp.net","gpid":"120363279600991750@g.us","hrg":"07:52","drg":"24/10","nome":"icaro","namebank":"PagBank️","money":125,"pixD":5,"pixL":100,"limiteC":15,"horaC":"07","diaC":"24","mC":"10","limiteTh":3,"hrT":"07","limiteTd":24,"diaT":"24","mT":"10","bcbet":true},{"id":"5521966827743@s.whatsapp.net","gpid":"120363240867493803@g.us","hrg":"21:46","drg":"24/10","nome":"strupa veia","namebank":"Caixa","money":75,"pixD":5,"pixL":100,"limiteC":15,"horaC":"21","diaC":"24","mC":"10","limiteTh":3,"hrT":"21","limiteTd":24,"diaT":"24","mT":"10","bcbet":true},{"id":"5513981090133@s.whatsapp.net","gpid":"120363279600991750@g.us","hrg":"16:29","drg":"27/10","nome":"junior","namebank":"Next","money":9900221,"pixD":5,"pixL":100,"limiteC":15,"horaC":"16","diaC":"27","mC":"10","limiteTh":3,"hrT":"16","limiteTd":24,"diaT":"27","mT":"10","bcbet":true},{"id":"559191757579@s.whatsapp.net","gpid":"120363279600991750@g.us","hrg":"20:20","drg":"27/10","nome":"dantes","namebank":"PayPal","money":992050,"pixD":5,"pixL":100,"limiteC":15,"horaC":"20","diaC":"27","mC":"10","limiteTh":3,"hrT":"20","limiteTd":24,"diaT":"27","mT":"10","bcbet":true},{"id":"558293204123@s.whatsapp.net","gpid":"120363279600991750@g.us","hrg":"16:36","drg":"28/10","nome":"Hayji","namebank":"PicPay","money":992522,"pixD":5,"pixL":100,"limiteC":15,"horaC":"16","diaC":"28","mC":"10","limiteTh":1,"hrT":"16","limiteTd":22,"diaT":"28","mT":"10","bcbet":true},{"id":"558291171520@s.whatsapp.net","gpid":"120363240867493803@g.us","hrg":"08:21","drg":"01/11","nome":"Jhonnata","namebank":"Bradesco","money":125,"pixD":5,"pixL":100,"limiteC":15,"horaC":"08","diaC":"01","mC":"11","limiteTh":3,"hrT":"08","limiteTd":24,"diaT":"01","mT":"11","bcbet":true},{"id":"559985104524@s.whatsapp.net","gpid":"120363326075942072@g.us","hrg":"18:54","drg":"03/11","nome":"Gaara愛","namebank":"Bradesco","money":225,"pixD":5,"pixL":100,"limiteC":15,"horaC":"18","diaC":"03","mC":"11","limiteTh":3,"hrT":"18","limiteTd":24,"diaT":"03","mT":"11","bcbet":true},{"id":"558581992946@s.whatsapp.net","gpid":"120363240867493803@g.us","hrg":"08:28","drg":"04/11","nome":"𑁍Vegas","namebank":"PagBank️","money":50,"pixD":5,"pixL":100,"limiteC":15,"horaC":"08","diaC":"04","mC":"11","limiteTh":3,"hrT":"08","limiteTd":24,"diaT":"04","mT":"11","bcbet":true},{"id":"554892080754@s.whatsapp.net","gpid":"120363240867493803@g.us","hrg":"01:19","drg":"05/11","nome":"Apolo","namebank":"PagBank️","money":2135,"pixD":5,"pixL":100,"limiteC":15,"horaC":"01","diaC":"05","mC":"11","limiteTh":0,"hrT":"16","limiteTd":21,"diaT":"16","mT":"12","bcbet":true},{"id":"5515981405135@s.whatsapp.net","gpid":"120363240867493803@g.us","hrg":"15:44","drg":"13/11","nome":"Brayan","namebank":"Next","money":75,"pixD":5,"pixL":100,"limiteC":15,"horaC":"15","diaC":"13","mC":"11","limiteTh":3,"hrT":"15","limiteTd":24,"diaT":"13","mT":"11","bcbet":true},{"id":"558396265883@s.whatsapp.net","gpid":"120363306841600802@g.us","hrg":"00:56","drg":"16/11","nome":"mikael","namebank":"PayPal","money":250,"pixD":5,"pixL":100,"limiteC":15,"horaC":"00","diaC":"16","mC":"11","limiteTh":3,"hrT":"00","limiteTd":24,"diaT":"16","mT":"11","bcbet":true},{"id":"559992265172@s.whatsapp.net","gpid":"120363349438224290@g.us","hrg":"08:35","drg":"16/11","nome":"Luana","namebank":"Itaú","money":1293,"pixD":5,"pixL":100,"limiteC":15,"horaC":"08","diaC":"16","mC":"11","limiteTh":3,"hrT":"08","limiteTd":24,"diaT":"16","mT":"11","bcbet":true},{"id":"556299569526@s.whatsapp.net","gpid":"120363240867493803@g.us","hrg":"11:06","drg":"24/11","nome":"cjzk","namebank":"PayPal","money":125,"pixD":5,"pixL":100,"limiteC":15,"horaC":"11","diaC":"24","mC":"11","limiteTh":3,"hrT":"11","limiteTd":24,"diaT":"24","mT":"11","bcbet":true},{"id":"556496024085@s.whatsapp.net","gpid":"120363240867493803@g.us","hrg":"14:38","drg":"25/11","nome":"bx007","namebank":"Inter","money":251,"pixD":5,"pixL":100,"limiteC":11,"horaC":"14","diaC":"25","mC":"11","limiteTh":3,"hrT":"14","limiteTd":24,"diaT":"25","mT":"11","bcbet":true},{"id":"5512991906477@s.whatsapp.net","gpid":"120363240867493803@g.us","hrg":"14:38","drg":"26/11","nome":"Samuel","namebank":"Bradesco","money":932,"pixD":5,"pixL":100,"limiteC":15,"horaC":"14","diaC":"26","mC":"11","limiteTh":0,"hrT":"14","limiteTd":21,"diaT":"16","mT":"12","bcbet":true},{"id":"555196353622@s.whatsapp.net","gpid":"120363025459179015@g.us","hrg":"00:33","drg":"15/12","nome":"caminhão de malandragem","namebank":"Itaú","money":57,"pixD":5,"pixL":100,"limiteC":13,"horaC":"00","diaC":"15","mC":"12","limiteTh":3,"hrT":"00","limiteTd":24,"diaT":"15","mT":"12","bcbet":true},{"id":"555186516033@s.whatsapp.net","gpid":"120363025459179015@g.us","hrg":"00:34","drg":"15/12","nome":"matildo fuma fino mata rindo","namebank":"Banco do Brasil","money":8,"pixD":5,"pixL":100,"limiteC":13,"horaC":"00","diaC":"15","mC":"12","limiteTh":3,"hrT":"00","limiteTd":24,"diaT":"15","mT":"12","bcbet":true},{"id":"5521976436912@s.whatsapp.net","gpid":"120363240867493803@g.us","hrg":"14:50","drg":"16/12","nome":"Tangerina Camadas","namebank":"Santander️","money":12289,"pixD":5,"pixL":100,"limiteC":15,"horaC":"14","diaC":"16","mC":"12","limiteTh":0,"hrT":"18","limiteTd":21,"diaT":"20","mT":"12","bcbet":true},{"id":"559991274730@s.whatsapp.net","gpid":"120363240867493803@g.us","hrg":"20:32","drg":"19/12","nome":"Kiotaka","namebank":"Inter","money":25,"pixD":5,"pixL":100,"limiteC":15,"horaC":"20","diaC":"19","mC":"12","limiteTh":3,"hrT":"20","limiteTd":24,"diaT":"19","mT":"12","bcbet":true},{"id":"554591299015@s.whatsapp.net","gpid":"120363240867493803@g.us","hrg":"11:18","drg":"20/12","nome":"biel","namebank":"Next","money":192151,"pixD":5,"pixL":100,"limiteC":0,"horaC":"10","diaC":"21","mC":"12","limiteTh":0,"hrT":"10","limiteTd":18,"diaT":"21","mT":"12","bcbet":true},{"id":"553192493109@s.whatsapp.net","gpid":"120363240867493803@g.us","hrg":"11:20","drg":"20/12","nome":"LG","namebank":"PicPay","money":48525.18,"pixD":5,"pixL":100,"limiteC":0,"horaC":"10","diaC":"21","mC":"12","limiteTh":1,"hrT":"10","limiteTd":20,"diaT":"21","mT":"12","bcbet":true},{"id":"556892254505@s.whatsapp.net","gpid":"120363240867493803@g.us","hrg":"11:47","drg":"20/12","nome":"urubu do pix","namebank":"Caixa","money":297,"pixD":5,"pixL":100,"limiteC":15,"horaC":"11","diaC":"20","mC":"12","limiteTh":3,"hrT":"11","limiteTd":24,"diaT":"20","mT":"12","bcbet":true},{"id":"553197176438@s.whatsapp.net","gpid":"120363240867493803@g.us","hrg":"12:15","drg":"20/12","nome":"k","namebank":"PicPay","money":403.6000000000058,"pixD":5,"pixL":100,"limiteC":13,"horaC":"12","diaC":"20","mC":"12","limiteTh":2,"hrT":"10","limiteTd":23,"diaT":"21","mT":"12","bcbet":true},{"id":"5521970778877@s.whatsapp.net","gpid":"120363240867493803@g.us","hrg":"13:31","drg":"20/12","nome":"Max o mestre","namebank":"Next","money":89,"pixD":5,"pixL":100,"limiteC":15,"horaC":"13","diaC":"20","mC":"12","limiteTh":3,"hrT":"13","limiteTd":24,"diaT":"20","mT":"12","bcbet":true},{"id":"555599663743@s.whatsapp.net","gpid":"120363240867493803@g.us","hrg":"09:28","drg":"21/12","nome":"kaua","namebank":"Santander️","money":1198,"pixD":5,"pixL":100,"limiteC":15,"horaC":"09","diaC":"21","mC":"12","limiteTh":1,"hrT":"09","limiteTd":22,"diaT":"21","mT":"12","bcbet":true},{"id":"556892422352@s.whatsapp.net","gpid":"120363240867493803@g.us","hrg":"09:57","drg":"21/12","nome":"Rei Dos Ratos","namebank":"Next","money":96741.494,"pixD":5,"pixL":100,"limiteC":18,"horaC":"10","diaC":"21","mC":"12","limiteTh":2,"hrT":"10","limiteTd":23,"diaT":"21","mT":"12","bcbet":true},{"id":"559884196930@s.whatsapp.net","gpid":"120363240867493803@g.us","hrg":"10:43","drg":"21/12","nome":"FuZZyon","namebank":"Itaú","money":225,"pixD":5,"pixL":100,"limiteC":15,"horaC":"10","diaC":"21","mC":"12","limiteTh":3,"hrT":"10","limiteTd":24,"diaT":"21","mT":"12","bcbet":true},{"id":"5527989032571@s.whatsapp.net","gpid":"120363240867493803@g.us","hrg":"19:55","drg":"01/01","nome":"lorenzo","namebank":"PicPay","money":1767.996,"pixD":5,"pixL":100,"limiteC":12,"horaC":"19","diaC":"01","mC":"01","limiteTh":3,"hrT":"19","limiteTd":24,"diaT":"01","mT":"01","bcbet":true},{"id":"258833556357@s.whatsapp.net","gpid":"120363240867493803@g.us","hrg":"03:23","drg":"02/01","nome":"matrix","namebank":"PicPay","money":350,"pixD":5,"pixL":100,"limiteC":15,"horaC":"03","diaC":"02","mC":"01","limiteTh":3,"hrT":"03","limiteTd":24,"diaT":"02","mT":"01","bcbet":true},{"id":"558799733873@s.whatsapp.net","gpid":"120363240867493803@g.us","hrg":"00:30","drg":"04/01","nome":"Victor","namebank":"Inter","money":49560,"pixD":5,"pixL":100,"limiteC":15,"horaC":"00","diaC":"04","mC":"01","limiteTh":2,"hrT":"15","limiteTd":22,"diaT":"05","mT":"01","bcbet":true},{"id":"557499427805@s.whatsapp.net","gpid":"120363240867493803@g.us","hrg":"00:34","drg":"04/01","nome":"Molestador De Quilombos","namebank":"PicPay","money":100269,"pixD":5,"pixL":100,"limiteC":15,"horaC":"00","diaC":"04","mC":"01","limiteTh":2,"hrT":"00","limiteTd":23,"diaT":"04","mT":"01","bcbet":true},{"id":"5519989287526@s.whatsapp.net","gpid":"120363240867493803@g.us","hrg":"15:16","drg":"05/01","nome":"LUIZ MODZz","namebank":"PicPay","money":490,"pixD":5,"pixL":100,"limiteC":15,"horaC":"15","diaC":"05","mC":"01","limiteTh":3,"hrT":"15","limiteTd":24,"diaT":"05","mT":"01","bcbet":true},{"id":"5511979677193@s.whatsapp.net","gpid":"120363240867493803@g.us","hrg":"12:06","drg":"09/01","nome":"deyvix","namebank":"Banco do Brasil","money":750,"pixD":5,"pixL":100,"limiteC":15,"horaC":"12","diaC":"09","mC":"01","limiteTh":3,"hrT":"12","limiteTd":24,"diaT":"09","mT":"01","bcbet":true},{"id":"558288345485@s.whatsapp.net","gpid":"120363240867493803@g.us","hrg":"13:25","drg":"09/01","nome":"leco","namebank":"NuBank","money":8763,"pixD":5,"pixL":100,"limiteC":15,"horaC":"13","diaC":"09","mC":"01","limiteTh":2,"hrT":"12","limiteTd":23,"diaT":"10","mT":"01","bcbet":true},{"id":"556194645821@s.whatsapp.net","gpid":"120363240867493803@g.us","hrg":"17:15","drg":"09/01","nome":"nk","namebank":"Inter","money":50,"pixD":5,"pixL":100,"limiteC":15,"horaC":"17","diaC":"09","mC":"01","limiteTh":3,"hrT":"17","limiteTd":24,"diaT":"09","mT":"01","bcbet":true},{"id":"556198640741@s.whatsapp.net","gpid":"120363240867493803@g.us","hrg":"17:14","drg":"10/01","nome":"seu nome","namebank":"Bradesco","money":3.5,"pixD":5,"pixL":100,"limiteC":15,"horaC":"17","diaC":"10","mC":"01","limiteTh":3,"hrT":"17","limiteTd":24,"diaT":"10","mT":"01","bcbet":true},{"id":"559181922373@s.whatsapp.net","gpid":"120363240867493803@g.us","hrg":"17:15","drg":"10/01","nome":"elinaldo","namebank":"Bradesco","money":25,"pixD":5,"pixL":100,"limiteC":15,"horaC":"17","diaC":"10","mC":"01","limiteTh":3,"hrT":"17","limiteTd":24,"diaT":"10","mT":"01","bcbet":true},{"id":"558591088424@s.whatsapp.net","gpid":"120363240867493803@g.us","hrg":"18:36","drg":"17/01","nome":"Miranha","namebank":"Bradesco","money":150,"pixD":5,"pixL":100,"limiteC":15,"horaC":"18","diaC":"17","mC":"01","limiteTh":3,"hrT":"18","limiteTd":24,"diaT":"17","mT":"01","bcbet":true},{"id":"558197727801@s.whatsapp.net","gpid":"120363323085083468@g.us","hrg":"22:34","drg":"17/01","nome":"Spider white","namebank":"PayPal","money":50,"pixD":5,"pixL":100,"limiteC":15,"horaC":"22","diaC":"17","mC":"01","limiteTh":3,"hrT":"22","limiteTd":24,"diaT":"17","mT":"01","bcbet":true},{"id":"553398659992@s.whatsapp.net","gpid":"120363332360909207@g.us","hrg":"09:44","drg":"18/01","nome":"Rai","namebank":"Caixa","money":75,"pixD":5,"pixL":100,"limiteC":15,"horaC":"09","diaC":"18","mC":"01","limiteTh":3,"hrT":"09","limiteTd":24,"diaT":"18","mT":"01","bcbet":true},{"id":"557399759953@s.whatsapp.net","gpid":"120363332360909207@g.us","hrg":"09:50","drg":"18/01","nome":"kz007","namebank":"Itaú","money":110,"pixD":5,"pixL":100,"limiteC":15,"horaC":"09","diaC":"18","mC":"01","limiteTh":3,"hrT":"09","limiteTd":24,"diaT":"18","mT":"01","bcbet":true},{"id":"258858587347@s.whatsapp.net","gpid":"120363323085083468@g.us","hrg":"03:04","drg":"20/01","nome":"KEYN","namebank":"Banco do Brasil","money":13,"pixD":5,"pixL":100,"limiteC":15,"horaC":"03","diaC":"20","mC":"01","limiteTh":3,"hrT":"03","limiteTd":24,"diaT":"20","mT":"01","bcbet":true},{"id":"554499892009@s.whatsapp.net","gpid":"120363240867493803@g.us","hrg":"00:09","drg":"23/01","nome":"Joao pedro","namebank":"PayPal","money":25,"pixD":5,"pixL":100,"limiteC":15,"horaC":"00","diaC":"23","mC":"01","limiteTh":3,"hrT":"00","limiteTd":24,"diaT":"23","mT":"01","bcbet":true},{"id":"555493366161@s.whatsapp.net","gpid":"120363332360909207@g.us","hrg":"10:03","drg":"24/01","nome":"Murilo","namebank":"PagBank️","money":2946,"pixD":5,"pixL":100,"limiteC":15,"horaC":"10","diaC":"24","mC":"01","limiteTh":3,"hrT":"10","limiteTd":24,"diaT":"24","mT":"01","bcbet":true},{"id":"258868191161@s.whatsapp.net","gpid":"120363332360909207@g.us","hrg":"11:08","drg":"24/01","nome":"Rafael","namebank":"PicPay","money":775,"pixD":5,"pixL":100,"limiteC":15,"horaC":"11","diaC":"24","mC":"01","limiteTh":3,"hrT":"11","limiteTd":24,"diaT":"24","mT":"01","bcbet":true},{"id":"5511953369493@s.whatsapp.net","gpid":"120363240867493803@g.us","hrg":"11:21","drg":"26/01","nome":"Cássio","namebank":"Caixa","money":2851,"pixD":5,"pixL":100,"limiteC":14,"horaC":"11","diaC":"26","mC":"01","limiteTh":3,"hrT":"11","limiteTd":24,"diaT":"26","mT":"01","bcbet":true},{"id":"5527988955494@s.whatsapp.net","gpid":"120363240867493803@g.us","hrg":"10:14","drg":"29/01","nome":"Miguel","namebank":"Bradesco","money":50,"pixD":5,"pixL":100,"limiteC":15,"horaC":"10","diaC":"29","mC":"01","limiteTh":3,"hrT":"10","limiteTd":24,"diaT":"29","mT":"01","bcbet":true},{"id":"558381087731@s.whatsapp.net","gpid":"120363240867493803@g.us","hrg":"21:42","drg":"01/02","nome":"Ismael","namebank":"NuBank","money":7139,"pixD":5,"pixL":100,"limiteC":15,"horaC":"21","diaC":"01","mC":"02","limiteTh":3,"hrT":"21","limiteTd":24,"diaT":"01","mT":"02","bcbet":true},{"id":"5519981576067@s.whatsapp.net","gpid":"120363240867493803@g.us","hrg":"00:18","drg":"06/02","nome":"D1","namebank":"PicPay","money":75,"pixD":5,"pixL":100,"limiteC":15,"horaC":"00","diaC":"06","mC":"02","limiteTh":3,"hrT":"00","limiteTd":24,"diaT":"06","mT":"02","bcbet":true},{"id":"5511988019386@s.whatsapp.net","gpid":"120363240867493803@g.us","hrg":"00:27","drg":"06/02","nome":"san bot","namebank":"Caixa","money":210,"pixD":5,"pixL":100,"limiteC":15,"horaC":"00","diaC":"06","mC":"02","limiteTh":3,"hrT":"00","limiteTd":24,"diaT":"06","mT":"02","bcbet":true},{"id":"5512992083287@s.whatsapp.net","gpid":"120363240867493803@g.us","hrg":"22:03","drg":"10/02","nome":"XANDÃO_FD","namebank":"Santander️","money":4833,"pixD":5,"pixL":100,"limiteC":15,"horaC":"22","diaC":"10","mC":"02","limiteTh":3,"hrT":"22","limiteTd":24,"diaT":"10","mT":"02","bcbet":true},{"id":"558893815597@s.whatsapp.net","gpid":"120363240867493803@g.us","hrg":"22:03","drg":"10/02","nome":"Luffy","namebank":"Next","money":5,"pixD":5,"pixL":100,"limiteC":15,"horaC":"22","diaC":"10","mC":"02","limiteTh":3,"hrT":"22","limiteTd":24,"diaT":"10","mT":"02","bcbet":true},{"id":"553195693426@s.whatsapp.net","gpid":"120363240867493803@g.us","hrg":"23:04","drg":"10/02","nome":"Marcos","namebank":"PayPal","money":950,"pixD":5,"pixL":100,"limiteC":15,"horaC":"23","diaC":"10","mC":"02","limiteTh":3,"hrT":"23","limiteTd":24,"diaT":"10","mT":"02","bcbet":true},{"id":"553183624044@s.whatsapp.net","gpid":"120363240867493803@g.us","hrg":"12:01","drg":"08/03","nome":"Kim","namebank":"Inter","money":125,"pixD":5,"pixL":100,"limiteC":15,"horaC":"12","diaC":"08","mC":"03","limiteTh":3,"hrT":"12","limiteTd":24,"diaT":"08","mT":"03","bcbet":true},{"id":"558882305688@s.whatsapp.net","gpid":"120363240867493803@g.us","hrg":"12:13","drg":"08/03","nome":"wesley","namebank":"PagBank️","money":330,"pixD":5,"pixL":100,"limiteC":15,"horaC":"12","diaC":"08","mC":"03","limiteTh":3,"hrT":"12","limiteTd":24,"diaT":"08","mT":"03","bcbet":true},{"id":"558296571687@s.whatsapp.net","gpid":"120363240867493803@g.us","hrg":"11:02","drg":"15/03","nome":"BIEL","namebank":"PagBank️","money":50,"pixD":5,"pixL":100,"limiteC":15,"horaC":"11","diaC":"15","mC":"03","limiteTh":3,"hrT":"11","limiteTd":24,"diaT":"15","mT":"03","bcbet":true},{"id":"554796379980@s.whatsapp.net","gpid":"120363332360909207@g.us","hrg":"10:43","drg":"20/03","nome":"mp","namebank":"PagBank️","money":70,"pixD":5,"pixL":100,"limiteC":15,"horaC":"10","diaC":"20","mC":"03","limiteTh":3,"hrT":"10","limiteTd":24,"diaT":"20","mT":"03","bcbet":true},{"id":"553198317241@s.whatsapp.net","gpid":"120363401575850448@g.us","hrg":"08:55","drg":"30/04","nome":"Francisco Junio","namebank":"Itaú","money":0,"pixD":5,"pixL":100,"limiteC":15,"horaC":"08","diaC":"30","mC":"04","limiteTh":3,"hrT":"08","limiteTd":24,"diaT":"30","mT":"04","bcbet":true},{"id":"559885202932@s.whatsapp.net","gpid":"120363240867493803@g.us","hrg":"10:41","drg":"06/07","nome":"jon","namebank":"Inter","money":471,"pixD":5,"pixL":100,"limiteC":15,"horaC":"10","diaC":"06","mC":"07","limiteTh":3,"hrT":"10","limiteTd":24,"diaT":"06","mT":"07","bcbet":true},{"id":"5521995968157@s.whatsapp.net","gpid":"120363240867493803@g.us","hrg":"23:04","drg":"06/07","nome":"killua","namebank":"Bradesco","money":2769,"pixD":5,"pixL":100,"limiteC":15,"horaC":"23","diaC":"06","mC":"07","limiteTh":0,"hrT":"04","limiteTd":21,"diaT":"07","mT":"07","bcbet":true},{"id":"5511966525602@s.whatsapp.net","gpid":"120363240867493803@g.us","hrg":"20:23","drg":"21/08","nome":"Jon","namebank":"Inter","money":0,"pixD":5,"pixL":100,"limiteC":15,"horaC":"20","diaC":"21","mC":"08","limiteTh":3,"hrT":"20","limiteTd":24,"diaT":"21","mT":"08","bcbet":true},{"id":"559885221938@s.whatsapp.net","gpid":"120363240867493803@g.us","hrg":"17:57","drg":"08/09","nome":"Jon","namebank":"Santander️","money":0,"pixD":5,"pixL":100,"limiteC":15,"horaC":"17","diaC":"08","mC":"09","limiteTh":3,"hrT":"17","limiteTd":24,"diaT":"08","mT":"09","bcbet":true}]