[
  {
    "login": "sebastiantoro1988@gmail.com",
    "senha": "sincontra888"
  },
  {
    "login": "Daniel86Davila@hotmail.com",
    "senha": "Daniel1998@"
  },
  {
    "login": "pablo2najera@gmail.com",
    "senha": "losnadus430$"
  },
  {
    "login": "ruth-dania0000@hotmail.com",
    "senha": "8098807356love"
  },
  {
    "login": "kristina_frank@outlook.com",
    "senha": "Oliver-1808"
  },
  {
    "login": "sebabosch@gmail.com",
    "senha": "seba1234"
  },
  {
    "login": "robertonicolaspc@gmail.com",
    "senha": "Tito3488"
  },
  {
    "login": "lonksito@gmail.com",
    "senha": "28101107JYM"
  },
  {
    "login": "sarateixeira114488@gmail.com",
    "senha": "sara3005"
  },
  {
    "login": "cande.sempronii@outlook.com",
    "senha": "Salvi!1003"
  },
  {
    "login": "nanlemos45@gmail.com",
    "senha": "Nancy1802Victor"
  },
  {
    "login": "dvacat@gmail.com",
    "senha": "dv4424269958."
  },
  {
    "login": "lilklap3@gmail.com",
    "senha": "Gomes2006"
  },
  {
    "login": "jorge21106098@gmail.com",
    "senha": "Aljor560"
  },
  {
    "login": "helaman256@live.com.mx",
    "senha": "Helaman5656"
  },
  {
    "login": "gtabakov@abv.bg",
    "senha": "uaFbz@Y2ZWN76p"
  },
  {
    "login": "gotedaem1955@gmail.com",
    "senha": "HermanitozGoTe2023R"
  },
  {
    "login": "camilaa.ag@outlook.com",
    "senha": "L1R2l2r1"
  },
  {
    "login": "kaua955l7@gmail.com",
    "senha": "kaua2011#"
  },
  {
    "login": "rudodurec@gmail.com",
    "senha": "lenin111"
  },
  {
    "login": "guilhermeledig3@gmail.com",
    "senha": "ledig010306"
  },
  {
    "login": "lferradasilva08@gmail.com",
    "senha": "ML140879"
  },
  {
    "login": "danofire7@hotmail.com",
    "senha": "Yojanan12"
  },
  {
    "login": "pelis00262@gmail.com",
    "senha": "qrvh9724"
  },
  {
    "login": "lonksito@gmail.com",
    "senha": "28101107JYM"
  },
  {
    "login": "meryam.2220@hotmail.com",
    "senha": "Resident08"
  },
  {
    "login": "pusky_cortes@hotmail.com",
    "senha": "Eduardito1"
  },
  {
    "login": "Diegoalbertorres11@outlook.com",
    "senha": "Martha1968"
  },
  {
    "login": "marielriveros@icloud.com",
    "senha": "KitoYKi$5y"
  },
  {
    "login": "mariafernandes07@hotmail.com",
    "senha": "qwerty123"
  },
  {
    "login": "joaosilva1995@gmail.com",
    "senha": "senhaforte2024"
  },
  {
    "login": "anagomes2000@outlook.com",
    "senha": "abc123456"
  },
  {
    "login": "isabelaraujo12@hotmail.com",
    "senha": "senha123456"
  },
  {
    "login": "luizmartins87@gmail.com",
    "senha": "senhamuitodificil"
  },
  {
    "login": "carolinacunha1999@outlook.com",
    "senha": "1234567890"
  },
  {
    "login": "felipebarbosa2002@yahoo.com",
    "senha": "senha12345"
  },
  {
    "login": "julianaoliveira96@hotmail.com",
    "senha": "senhadificil2024"
  },
  {
    "login": "gabrielpereira1985@gmail.com",
    "senha": "senha1234"
  },
  {
    "login": "brunasantos2001@outlook.com",
    "senha": "senhamuitodificil2024"
  },
  {
    "login": "eduardorodrigues97@yahoo.com",
    "senha": "senha123456789"
  },
  {
    "login": "leonardogomes1986@hotmail.com",
    "senha": "senhadificil2023"
  },
  {
    "login": "marianacosta2003@gmail.com",
    "senha": "senha1234567"
  },
  {
    "login": "paulasouza99@yahoo.com",
    "senha": "senha12345678"
  },
  {
    "login": "joanaoliveira96@outlook.com",
    "senha": "senhamuitodificil2022"
  },
  {
    "login": "marciopereira1985@yahoo.com",
    "senha": "senha123456789"
  },
  {
    "login": "isabelarocha2001@hotmail.com",
    "senha": "senhadificil2021"
  },
  {
    "login": "luizlima1997@gmail.com",
    "senha": "senha12345678"
  },
  {
    "login": "carolinacunha1999@outlook.com",
    "senha": "senhamuitodificil2021"
  },
  {
    "login": "felipebarbosa2002@yahoo.com",
    "senha": "senha12345"
  },
  {
    "login": "julianaoliveira96@hotmail.com",
    "senha": "senhadificil2020"
  },
  {
    "login": "gabrielpereira1985@gmail.com",
    "senha": "senha1234"
  },
  {
    "login": "nicolle.alcas.reto.01@gmail.com",
    "senha": "killjoys"
  },
  {
    "login": "jessenia081@icloud.com",
    "senha": "G0D012001"
  },
  {
    "login": "wallacerangel@live.com",
    "senha": "@Wallace32"
  },
  {
    "login": "streaminlatinosv5+2@gmail.com",
    "senha": "hbomax02"
  },
  {
    "login": "zappingnetnet+7hbo@gmail.com",
    "senha": "cuenta1010"
  }
]