[{"groupId":"120363132562172546@g.us","comandos":[]},{"groupId":"120363144424888763@g.us","comandos":[]},{"groupId":"120363142145374450@g.us","comandos":[]},{"groupId":"120363219755282052@g.us","comandos":[]},{"groupId":"120363179905449918@g.us","comandos":[]},{"groupId":"120363183420302698@g.us","comandos":[]},{"groupId":"120363203413860736@g.us","comandos":[]},{"groupId":"120363190226773721@g.us","comandos":[]},{"groupId":"120363187931136018@g.us","comandos":[]},{"groupId":"120363196574139609@g.us","comandos":[]},{"groupId":"120363235251073737@g.us","comandos":[]},{"groupId":"120363227327861921@g.us","comandos":[]},{"groupId":"120363186857348143@g.us","comandos":[]},{"groupId":"120363234531954248@g.us","comandos":[]},{"groupId":"120363204757483695@g.us","comandos":[]},{"groupId":"120363209445930395@g.us","comandos":[]},{"groupId":"120363217394057265@g.us","comandos":[]},{"groupId":"120363233654452528@g.us","comandos":[]},{"groupId":"120363158029982459@g.us","comandos":[]},{"groupId":"120363071790649029@g.us","comandos":[]},{"groupId":"120363176477570575@g.us","comandos":[]},{"groupId":"120363199065356319@g.us","comandos":[]},{"groupId":"120363207408900755@g.us","comandos":[]},{"groupId":"120363146293640836@g.us","comandos":[]},{"groupId":"120363169305163769@g.us","comandos":[]},{"groupId":"120363182698505621@g.us","comandos":[]},{"groupId":"120363198737625113@g.us","comandos":[]},{"groupId":"120363200649245771@g.us","comandos":[]},{"groupId":"120363213521503526@g.us","comandos":[]},{"groupId":"120363231158811187@g.us","comandos":[]},{"groupId":"120363193525588420@g.us","comandos":[]},{"groupId":"120363205866434444@g.us","comandos":[]},{"groupId":"120363227422808516@g.us","comandos":[]},{"groupId":"120363292440601796@g.us","comandos":[]},{"groupId":"120363193674711518@g.us","comandos":[]},{"groupId":"120363268196375612@g.us","comandos":[]},{"groupId":"120363240867493803@g.us","comandos":[]},{"groupId":"120363197246307361@g.us","comandos":[]},{"groupId":"120363278650043681@g.us","comandos":[]},{"groupId":"120363283369631001@g.us","comandos":[]},{"groupId":"120363284999890681@g.us","comandos":[]},{"groupId":"120363304243058535@g.us","comandos":[]},{"groupId":"120363306327969984@g.us","comandos":[]},{"groupId":"120363297750502342@g.us","comandos":[]},{"groupId":"553194271631-1544380044@g.us","comandos":[]},{"groupId":"120363300671617243@g.us","comandos":[]},{"groupId":"120363301195008928@g.us","comandos":[]},{"groupId":"120363318296087727@g.us","comandos":[]},{"groupId":"120363162238314240@g.us","comandos":[]},{"groupId":"120363259793743155@g.us","comandos":[]},{"groupId":"120363247130290438@g.us","comandos":[]},{"groupId":"120363321278021965@g.us","comandos":[]},{"groupId":"120363318792043477@g.us","comandos":[]},{"groupId":"120363026309634278@g.us","comandos":[]},{"groupId":"120363303429459450@g.us","comandos":[]},{"groupId":"120363319944464581@g.us","comandos":[]},{"groupId":"120363297348576615@g.us","comandos":[]},{"groupId":"120363259478176790@g.us","comandos":[]},{"groupId":"120363318655291477@g.us","comandos":[]},{"groupId":"120363322300735828@g.us","comandos":[]},{"groupId":"120363306841600802@g.us","comandos":[]},{"groupId":"120363331456499543@g.us","comandos":[]},{"groupId":"120363293877633063@g.us","comandos":[]},{"groupId":"120363320425728370@g.us","comandos":[]},{"groupId":"120363323085083468@g.us","comandos":[]},{"groupId":"120363279600991750@g.us","comandos":[]},{"groupId":"120363024766467173@g.us","comandos":[]},{"groupId":"120363327734440771@g.us","comandos":[]},{"groupId":"120363326075942072@g.us","comandos":[]},{"groupId":"120363345580003557@g.us","comandos":[]},{"groupId":"120363220502107245@g.us","comandos":[]},{"groupId":"120363330055458274@g.us","comandos":[]},{"groupId":"120363330263125517@g.us","comandos":[]},{"groupId":"120363350347923268@g.us","comandos":[]},{"groupId":"120363332360909207@g.us","comandos":[]},{"groupId":"120363352639143037@g.us","comandos":[]},{"groupId":"120363314904793953@g.us","comandos":[]},{"groupId":"120363337301953915@g.us","comandos":[]},{"groupId":"120363354090265755@g.us","comandos":[]},{"groupId":"120363334557099345@g.us","comandos":[]},{"groupId":"120363342065106209@g.us","comandos":[]},{"groupId":"120363346046908111@g.us","comandos":[]},{"groupId":"120363349438224290@g.us","comandos":[]},{"groupId":"120363315514685507@g.us","comandos":[]},{"groupId":"120363045743086033@g.us","comandos":[]},{"groupId":"120363044553410394@g.us","comandos":[]},{"groupId":"120363198964859540@g.us","comandos":[]},{"groupId":"120363368456279919@g.us","comandos":[]},{"groupId":"120363366656319352@g.us","comandos":[]},{"groupId":"120363296048968855@g.us","comandos":[]},{"groupId":"120363374591128011@g.us","comandos":[]},{"groupId":"120363355275429053@g.us","comandos":[]},{"groupId":"120363353502960513@g.us","comandos":[]},{"groupId":"120363025459179015@g.us","comandos":[]},{"groupId":"120363361953604681@g.us","comandos":[]},{"groupId":"120363377675397918@g.us","comandos":[]},{"groupId":"120363361744778651@g.us","comandos":[]},{"groupId":"120363379556834051@g.us","comandos":[]},{"groupId":"120363379520879384@g.us","comandos":[]},{"groupId":"120363360494518620@g.us","comandos":[]},{"groupId":"120363362898602532@g.us","comandos":[]},{"groupId":"120363380162675540@g.us","comandos":[]},{"groupId":"120363386959217490@g.us","comandos":[]},{"groupId":"120363323980976573@g.us","comandos":[]},{"groupId":"120363327815890080@g.us","comandos":[]},{"groupId":"120363385742619158@g.us","comandos":[]},{"groupId":"120363349514741276@g.us","comandos":[]},{"groupId":"120363387334359669@g.us","comandos":[]},{"groupId":"120363386819270328@g.us","comandos":[]},{"groupId":"120363349083076964@g.us","comandos":[]},{"groupId":"120363386860288253@g.us","comandos":[]},{"groupId":"120363389625354416@g.us","comandos":[]},{"groupId":"120363388041255166@g.us","comandos":[]},{"groupId":"120363334667370677@g.us","comandos":[]},{"groupId":"120363370988684479@g.us","comandos":[]},{"groupId":"120363209655202330@g.us","comandos":[]},{"groupId":"120363375101062199@g.us","comandos":[]},{"groupId":"120363376513041733@g.us","comandos":[]},{"groupId":"120363390319120282@g.us","comandos":[]},{"groupId":"120363378122910681@g.us","comandos":[]},{"groupId":"120363399894019760@g.us","comandos":[]},{"groupId":"120363326075242449@g.us","comandos":[]},{"groupId":"120363347168116290@g.us","comandos":[]},{"groupId":"120363404124853296@g.us","comandos":[]},{"groupId":"120363386949231400@g.us","comandos":[]},{"groupId":"120363409369937099@g.us","comandos":[]},{"groupId":"120363410971064482@g.us","comandos":[]},{"groupId":"120363387644113249@g.us","comandos":[]},{"groupId":"120363414071953909@g.us","comandos":[]},{"groupId":"120363396108378468@g.us","comandos":[]},{"groupId":"120363294506163855@g.us","comandos":[]},{"groupId":"120363399001754584@g.us","comandos":[]},{"groupId":"120363417161651005@g.us","comandos":[]},{"groupId":"120363322222551423@g.us","comandos":[]},{"groupId":"120363417117981547@g.us","comandos":[]},{"groupId":"120363404842213825@g.us","comandos":[]},{"groupId":"120363401568207732@g.us","comandos":[]},{"groupId":"120363417914081464@g.us","comandos":[]},{"groupId":"120363402400823445@g.us","comandos":[]},{"groupId":"120363420627170613@g.us","comandos":[]},{"groupId":"120363400250345169@g.us","comandos":[]},{"groupId":"120363401575850448@g.us","comandos":[]},{"groupId":"120363398093695089@g.us","comandos":[]},{"groupId":"120363400188246218@g.us","comandos":[]},{"groupId":"120363391007245009@g.us","comandos":[]},{"groupId":"120363400405645077@g.us","comandos":[]},{"groupId":"120363417763381735@g.us","comandos":[]},{"groupId":"120363401091717186@g.us","comandos":[]},{"groupId":"120363142522699639@g.us","comandos":[]},{"groupId":"120363345375925611@g.us","comandos":[]},{"groupId":"120363417712645176@g.us","comandos":[]},{"groupId":"120363401367537989@g.us","comandos":[]},{"groupId":"120363400263378038@g.us","comandos":[]},{"groupId":"120363419942063327@g.us","comandos":[]},{"groupId":"120363402599756237@g.us","comandos":[]},{"groupId":"120363302650909989@g.us","comandos":[]},{"groupId":"120363420137067809@g.us","comandos":[]},{"groupId":"120363418282397765@g.us","comandos":[]},{"groupId":"120363359623139125@g.us","comandos":[]},{"groupId":"120363402498087079@g.us","comandos":[]},{"groupId":"120363420307230147@g.us","comandos":[]},{"groupId":"120363335762843343@g.us","comandos":[]},{"groupId":"120363404039143331@g.us","comandos":[]},{"groupId":"120363400695992991@g.us","comandos":[]},{"groupId":"120363331957336303@g.us","comandos":[]},{"groupId":"120363418514043678@g.us","comandos":[]},{"groupId":"120363421040705933@g.us","comandos":[]},{"groupId":"120363418197593112@g.us","comandos":[]},{"groupId":"120363419687395764@g.us","comandos":[]},{"groupId":"120363418621901591@g.us","comandos":[]},{"groupId":"120363402357479263@g.us","comandos":[]},{"groupId":"120363404350220983@g.us","comandos":[]},{"groupId":"120363422064229231@g.us","comandos":[]},{"groupId":"120363419488549755@g.us","comandos":[]},{"groupId":"120363403072220806@g.us","comandos":[]},{"groupId":"120363401108807898@g.us","comandos":[]},{"groupId":"120363421975618832@g.us","comandos":[]},{"groupId":"120363400030951589@g.us","comandos":[]},{"groupId":"120363399235704579@g.us","comandos":[]},{"groupId":"120363400433330602@g.us","comandos":[]},{"groupId":"120363421221238388@g.us","comandos":[]},{"groupId":"120363420631392610@g.us","comandos":[]},{"groupId":"120363402811651487@g.us","comandos":[]},{"groupId":"120363421010688366@g.us","comandos":[]},{"groupId":"120363402380452656@g.us","comandos":[]},{"groupId":"120363421136772343@g.us","comandos":[]},{"groupId":"120363403593747355@g.us","comandos":[]},{"groupId":"120363421928979470@g.us","comandos":[]},{"groupId":"120363405282202074@g.us","comandos":[]},{"groupId":"120363400689823538@g.us","comandos":[]},{"groupId":"120363151232526777@g.us","comandos":[]},{"groupId":"120363404263683330@g.us","comandos":[]},{"groupId":"120363135899818170@g.us","comandos":[]},{"groupId":"120363401876684789@g.us","comandos":[]},{"groupId":"120363421705130706@g.us","comandos":[]},{"groupId":"120363419321201305@g.us","comandos":[]},{"groupId":"120363403585800420@g.us","comandos":[]},{"groupId":"120363420520896681@g.us","comandos":[]},{"groupId":"120363400984062373@g.us","comandos":[]},{"groupId":"120363420522995243@g.us","comandos":[]},{"groupId":"120363420916072327@g.us","comandos":[]},{"groupId":"120363420773682299@g.us","comandos":[]},{"groupId":"120363402855199717@g.us","comandos":[]},{"groupId":"120363404543822723@g.us","comandos":[]},{"groupId":"120363403718148722@g.us","comandos":[]},{"groupId":"120363393501380567@g.us","comandos":[]},{"groupId":"120363402006677757@g.us","comandos":[]},{"groupId":"120363423075551154@g.us","comandos":[]},{"groupId":"120363420506887065@g.us","comandos":[]},{"groupId":"120363402908539586@g.us","comandos":[]},{"groupId":"120363402572432697@g.us","comandos":[]}]