[
  {
    "name": "[ 𝘾𝙃𝘼𝙏 ] 𝘚𝘈𝘕𝘋𝘙𝘖 𝘉𝘖𝘛",
    "groupId": "120363240867493803@g.us",
    "x9": false,
    "antiimg": false,
    "antivideo": false,
    "antiaudio": false,
    "antisticker": false,
    "antidoc": false,
    "antictt": true,
    "antiloc": true,
    "antilinkgp": true,
    "antilinkhard": false,
    "antifake": true,
    "antiporn": false,
    "Odelete": false,
    "antispam": false,
    "antinotas": true,
    "anticatalogo": false,
    "visuUnica": false,
    "registrarFIGUS": false,
    "soadm": false,
    "listanegra": [
      "6283897493109@s.whatsapp.net",
      "6283853212050@s.whatsapp.net",
      "6283171975240@s.whatsapp.net",
      "6283839496312@s.whatsapp.net",
      "6285219702266@s.whatsapp.net",
      "556199452750@s.whatsapp.net"
    ],
    "advertir": [
      "556791347797@s.whatsapp.net",
      "573223764271@s.whatsapp.net",
      "5514991736056@s.whatsapp.net",
      "5521987362922@s.whatsapp.net",
      "557192693316@s.whatsapp.net",
      "558299477939@s.whatsapp.net",
      "557998196967@s.whatsapp.net",
      "558799733873@s.whatsapp.net",
      "559889071635@s.whatsapp.net",
      "558382168666@s.whatsapp.net",
      "5527998378652@s.whatsapp.net",
      "556892422352@s.whatsapp.net",
      "556892422352@s.whatsapp.net",
      "558194817145@s.whatsapp.net",
      "558299477939@s.whatsapp.net",
      "556696045589@s.whatsapp.net",
      "556492692228@s.whatsapp.net",
      "559292118157@s.whatsapp.net",
      "5522999060076@s.whatsapp.net",
      "5511995286243@s.whatsapp.net",
      "553195693426@s.whatsapp.net",
      "5521959274419@s.whatsapp.net",
      "5521986592635@s.whatsapp.net",
      "551431530000@s.whatsapp.net",
      "5521986984650@s.whatsapp.net",
      "556291591031@s.whatsapp.net",
      "558197246552@s.whatsapp.net"
    ],
    "prefixos": [
      "/"
    ],
    "advertir2": [],
    "legenda_estrangeiro": "0",
    "legenda_documento": "0",
    "legenda_video": "0",
    "legenda_imagem": "0",
    "multiprefix": false,
    "forca_ofc": [
      {
        "acertos": 0,
        "erros": 1,
        "palavra": [
          "_",
          "_",
          "_",
          "_"
        ],
        "escreveu": [
          "e"
        ],
        "palavra_ofc": "gato",
        "dica": "ele tem 4 patas, e o rugido dele começa com m 😉",
        "tema": "animal"
      }
    ],
    "ausentes": [],
    "forca_inc": true,
    "antipalavrao": {
      "active": false,
      "palavras": []
    },
    "limitec": {
      "active": true,
      "quantidade": "1700"
    },
    "wellcome": [
      {
        "bemvindo1": false,
        "legendabv": "Olá #numerodele#, seja bem vindo (a) ao grupo: #nomedogp#",
        "legendasaiu": 0
      },
      {
        "bemvindo2": true,
        "legendabv": " Ola #numerodele# Seja bem-vindo(a) ao Grupo #nomedogp# meu Prefixo e  (#prefixo#)",
        "legendasaiu": "‼️ #numerodele# Saiu do grupo #nomedogp# 🥹 Bom a diversão Continua 🎉🥳"
      }
    ],
    "simi1": false,
    "simi2": false,
    "autosticker": false,
    "autoresposta": false,
    "jogos": true,
    "level": true,
    "bangp": false,
    "nsfw": false,
    "aluguel": false
  }
]
