[
  {
    "name": "Amigos da zueira🤡✨ᥫ᭡",
    "groupId": "120363326075942072@g.us",
    "x9": false,
    "antiimg": false,
    "antivideo": false,
    "antiaudio": false,
    "antisticker": false,
    "antidoc": false,
    "antictt": false,
    "antiloc": false,
    "antilinkgp": true,
    "antilinkhard": true,
    "antifake": true,
    "antiporn": false,
    "Odelete": false,
    "antispam": false,
    "antinotas": true,
    "anticatalogo": false,
    "visuUnica": false,
    "registrarFIGUS": false,
    "soadm": false,
    "listanegra": [
      "global5399190351@s.whatsapp.net",
      "62858475697941@s.whatsapp.net"
    ],
    "advertir": [
      "556692512620@s.whatsapp.net",
      "557398386259@s.whatsapp.net",
      "557398386259@s.whatsapp.net"
    ],
    "prefixos": [
      "/"
    ],
    "advertir2": [],
    "legenda_estrangeiro": "0",
    "legenda_documento": "0",
    "legenda_video": "0",
    "legenda_imagem": "0",
    "multiprefix": false,
    "forca_ofc": [
      {
        "acertos": 0,
        "erros": 0,
        "palavra": [],
        "escreveu": [],
        "palavra_ofc": 0,
        "dica": 0,
        "tema": 0
      }
    ],
    "ausentes": [],
    "forca_inc": false,
    "antipalavrao": {
      "active": false,
      "palavras": []
    },
    "limitec": {
      "active": false,
      "quantidade": null
    },
    "wellcome": [
      {
        "bemvindo1": false,
        "legendabv": "Olá #numerodele#, seja bem vindo (a) ao grupo: #nomedogp#",
        "legendasaiu": 0
      },
      {
        "bemvindo2": true,
        "legendabv": "Olá #numerodele#, seja bem vindo (a) ao grupo: #nomedogp#",
        "legendasaiu": "Tchau Até mais #numerodele#"
      }
    ],
    "simi1": false,
    "simi2": false,
    "autosticker": false,
    "autoresposta": false,
    "jogos": true,
    "level": false,
    "bangp": true,
    "nsfw": false,
    "aluguel": false
  }
]
