[
  {
    "name": "Lar das trans e cdzinhas  ",
    "groupId": "120363402357479263@g.us",
    "x9": false,
    "antiimg": false,
    "antivideo": false,
    "antiaudio": false,
    "antisticker": false,
    "antidoc": false,
    "antictt": true,
    "antiloc": false,
    "antilinkgp": true,
    "antilinkhard": true,
    "antifake": false,
    "antiporno": false,
    "Odelete": false,
    "antispam": false,
    "antinotas": false,
    "anticatalogo": false,
    "visuUnica": false,
    "registrarFIGUS": false,
    "soadm": true,
    "listanegra": [
      "554195170373@s.whatsapp.net",
      "558894591253@s.whatsapp.net",
      "5519999155522@s.whatsapp.net",
      "558186781562@s.whatsapp.net",
      "555197864319@s.whatsapp.net",
      "559492457603@s.whatsapp.net",
      "556182151396@s.whatsapp.net",
      "8592325653@s.whatsapp.net",
      "557781327931@s.whatsapp.net",
      "5521981548337@s.whatsapp.net",
      "558386446106@s.whatsapp.net",
      "557186897814@s.whatsapp.net",
      "558592104240@s.whatsapp.net",
      "5521971914288@s.whatsapp.net",
      "5511969649238@s.whatsapp.net",
      "5511969542805@s.whatsapp.net",
      "4288221102@s.whatsapp.net",
      "5511980918968@s.whatsapp.net",
      "553193789256@s.whatsapp.net",
      "5524981460711@s.whatsapp.net",
      "244944948752@s.whatsapp.net",
      "5521970612005@s.whatsapp.net",
      "48933004998@s.whatsapp.net",
      "558882176759@s.whatsapp.net",
      "553384315516@s.whatsapp.net",
      "212614496425@s.whatsapp.net",
      "5521968963491@s.whatsapp.net",
      "8488349126@s.whatsapp.net",
      "558481887003@s.whatsapp.net",
      "557193187595@s.whatsapp.net",
      "5547935055959@s.whatsapp.net",
      "967738815743@s.whatsapp.net",
      "923409868114@s.whatsapp.net",
      "5511951487333@s.whatsapp.net",
      "558981237051@s.whatsapp.net",
      "559681164649@s.whatsapp.net",
      "556293137960@s.whatsapp.net",
      "6699361801@s.whatsapp.net",
      "553189611470@s.whatsapp.net",
      "5511969339606@s.whatsapp.net",
      "5511934267232@s.whatsapp.net",
      "553491989987@s.whatsapp.net",
      "5518991127120@s.whatsapp.net",
      "558189454568@s.whatsapp.net",
      "4799776816@s.whatsapp.net",
      "558791008055@s.whatsapp.net",
      "558599995390@s.whatsapp.net",
      "557781126454@s.whatsapp.net",
      "5571920022114@s.whatsapp.net",
      "5511952253600@s.whatsapp.net",
      "558381955494@s.whatsapp.net",
      "559182926938@s.whatsapp.net",
      "559881693739@s.whatsapp.net",
      "553592673122@s.whatsapp.net",
      "5512981752721@s.whatsapp.net",
      "07197267939@s.whatsapp.net"
    ],
    "advertir": [
      "558396201819@s.whatsapp.net",
      "554899962919@s.whatsapp.net",
      "244944948752@s.whatsapp.net",
      "244944948752@s.whatsapp.net",
      "556295733462@s.whatsapp.net",
      "556295733462@s.whatsapp.net",
      "557597064312@s.whatsapp.net",
      "553799835483@s.whatsapp.net",
      "5519983313738@s.whatsapp.net",
      "559681164649@s.whatsapp.net",
      "557798323432@s.whatsapp.net",
      "557999979777@s.whatsapp.net",
      "559188192306@s.whatsapp.net",
      "559188192306@s.whatsapp.net",
      "5516982210807@s.whatsapp.net",
      "5521998289500@s.whatsapp.net",
      "556299511605@s.whatsapp.net",
      "553189611470@s.whatsapp.net",
      "556984582154@s.whatsapp.net",
      "558387314571@s.whatsapp.net",
      "553591113233@s.whatsapp.net",
      "558191232309@s.whatsapp.net",
      "556793195497@s.whatsapp.net",
      "556793195497@s.whatsapp.net",
      "557998702292@s.whatsapp.net",
      "559883512645@s.whatsapp.net",
      "556196643949@s.whatsapp.net",
      "5515998027186@s.whatsapp.net",
      "555592049217@s.whatsapp.net",
      "557598029103@s.whatsapp.net",
      "555592049217@s.whatsapp.net",
      "5521982484159@s.whatsapp.net",
      "558399625466@s.whatsapp.net",
      "553491989987@s.whatsapp.net",
      "5511980333320@s.whatsapp.net",
      "5527992254984@s.whatsapp.net",
      "351967556180@s.whatsapp.net",
      "553173192338@s.whatsapp.net",
      "557591017156@s.whatsapp.net",
      "558393452448@s.whatsapp.net",
      "553599020575@s.whatsapp.net",
      "557193214496@s.whatsapp.net",
      "555181386725@s.whatsapp.net",
      "553899576525@s.whatsapp.net",
      "5516999722499@s.whatsapp.net",
      "5514998547960@s.whatsapp.net",
      "557399664101@s.whatsapp.net",
      "553491888816@s.whatsapp.net",
      "559191150243@s.whatsapp.net"
    ],
    "prefixos": [
      "/"
    ],
    "advertir2": [],
    "legenda_estrangeiro": "0",
    "legenda_documento": "0",
    "legenda_video": "0",
    "legenda_imagem": "0",
    "multiprefix": false,
    "forca_ofc": [
      {
        "acertos": 0,
        "erros": 0,
        "palavra": [],
        "escreveu": [],
        "palavra_ofc": 0,
        "dica": 0,
        "tema": 0
      }
    ],
    "ausentes": [],
    "forca_inc": false,
    "antipalavrao": {
      "active": false,
      "palavras": []
    },
    "limitec": {
      "active": false,
      "quantidade": null
    },
    "wellcome": [
      {
        "bemvindo1": false,
        "legendabv": "Olá #numerodele#, seja bem vindo (a) ao grupo: #nomedogp#",
        "legendasaiu": 0
      },
      {
        "bemvindo2": false,
        "legendabv": "Bem-vindos, mostrem a raba, o pau, gozem e sejam felizes. Vejam as regras e qualquer duvida consultar os adms.",
        "legendasaiu": 0
      }
    ],
    "simi1": false,
    "simi2": false,
    "autosticker": false,
    "autoresposta": false,
    "jogos": true,
    "level": false,
    "bangp": false,
    "nsfw": false,
    "aluguel": false
  }
]
