[
  {
    "name": "LABORATÓRIO DE CASES",
    "groupId": "120363332360909207@g.us",
    "x9": true,
    "antiimg": false,
    "antivideo": false,
    "antiaudio": false,
    "antisticker": false,
    "antidoc": false,
    "antictt": false,
    "antiloc": false,
    "antilinkgp": true,
    "antilinkhard": false,
    "antifake": false,
    "antiporn": false,
    "Odelete": false,
    "antispam": false,
    "antinotas": false,
    "anticatalogo": false,
    "visuUnica": false,
    "registrarFIGUS": false,
    "soadm": false,
    "listanegra": [
      "5511988038403@s.whatsapp.net"
    ],
    "advertir": [
      "558597461561@s.whatsapp.net",
      "558597461561@s.whatsapp.net"
    ],
    "prefixos": [
      "/"
    ],
    "advertir2": [],
    "legenda_estrangeiro": "0",
    "legenda_documento": "0",
    "legenda_video": "0",
    "legenda_imagem": "0",
    "multiprefix": false,
    "forca_ofc": [
      {
        "acertos": 0,
        "erros": 0,
        "palavra": [],
        "escreveu": [],
        "palavra_ofc": 0,
        "dica": 0,
        "tema": 0
      }
    ],
    "ausentes": [],
    "forca_inc": false,
    "antipalavrao": {
      "active": false,
      "palavras": []
    },
    "limitec": {
      "active": false,
      "quantidade": null
    },
    "wellcome": [
      {
        "bemvindo1": false,
        "legendabv": "Olá #numerodele#, seja bem vindo (a) ao grupo: #nomedogp#",
        "legendasaiu": 0
      },
      {
        "bemvindo2": true,
        "legendabv": " Ola #numerodele# Seja bem-vindo(a) ao Grupo #nomedogp# meu Prefixo e  (#prefixo#)",
        "legendasaiu": "‼️ #numerodele# Saiu do grupo #nomedogp# 🥹 Bom a diversão Continua 🎉🥳"
      }
    ],
    "simi1": false,
    "simi2": false,
    "autosticker": false,
    "autoresposta": false,
    "jogos": true,
    "level": true,
    "bangp": false,
    "nsfw": false,
    "aluguel": false
  }
]
