[
  {
    "name": "ঔৣ🔥͜͡⃟፝͢͜͡͡🄰⃢ 🄲⃢🄾⃢🅅⃢🄰⃢ 🄳⃢🄾⃢🅂⃢ 🄻⃢🄴⃢Ã⃢🄾⃢🅂⃢ঔৣ🔥͜͡⃟፝͢͡",
    "groupId": "120363402006677757@g.us",
    "x9": false,
    "antiimg": false,
    "antivideo": false,
    "antiaudio": false,
    "antisticker": false,
    "antidoc": false,
    "antictt": false,
    "antiloc": false,
    "antilinkgp": false,
    "antilinkhard": false,
    "antifake": false,
    "antiporno": false,
    "Odelete": false,
    "antispam": false,
    "antinotas": false,
    "anticatalogo": false,
    "visuUnica": false,
    "registrarFIGUS": false,
    "soadm": false,
    "listanegra": [],
    "advertir": [],
    "prefixos": [
      "/"
    ],
    "advertir2": [],
    "legenda_estrangeiro": "0",
    "legenda_documento": "0",
    "legenda_video": "0",
    "legenda_imagem": "0",
    "multiprefix": false,
    "forca_ofc": [
      {
        "acertos": 0,
        "erros": 0,
        "palavra": [],
        "escreveu": [],
        "palavra_ofc": 0,
        "dica": 0,
        "tema": 0
      }
    ],
    "ausentes": [],
    "forca_inc": false,
    "antipalavrao": {
      "active": false,
      "palavras": []
    },
    "limitec": {
      "active": false,
      "quantidade": null
    },
    "wellcome": [
      {
        "bemvindo1": false,
        "legendabv": "Olá #numerodele#, seja bem vindo (a) ao grupo: #nomedogp#",
        "legendasaiu": 0
      },
      {
        "bemvindo2": false,
        "legendabv": "Olá #numerodele#, seja bem vindo (a) ao grupo: #nomedogp#",
        "legendasaiu": 0
      }
    ],
    "simi1": false,
    "simi2": false,
    "autosticker": false,
    "autoresposta": false,
    "jogos": false,
    "level": false,
    "bangp": false,
    "nsfw": false,
    "aluguel": false
  }
]
