[
  {
    "name": "𝙎𝙐𝙋𝙊𝙍𝙏𝙀 𝙎𝘼𝙉𝘿𝙍𝙊 𝘼𝙋𝙄",
    "groupId": "120363323085083468@g.us",
    "x9": false,
    "antiimg": false,
    "antivideo": false,
    "antiaudio": false,
    "antisticker": false,
    "antidoc": false,
    "antictt": true,
    "antiloc": true,
    "antilinkgp": true,
    "antilinkhard": false,
    "antifake": false,
    "antiporn": false,
    "Odelete": false,
    "antispam": false,
    "antinotas": false,
    "anticatalogo": false,
    "visuUnica": false,
    "registrarFIGUS": false,
    "soadm": false,
    "listanegra": [],
    "advertir": [],
    "prefixos": [
      "/"
    ],
    "advertir2": [],
    "legenda_estrangeiro": "0",
    "legenda_documento": "0",
    "legenda_video": "0",
    "legenda_imagem": "0",
    "multiprefix": false,
    "forca_ofc": [
      {
        "acertos": 0,
        "erros": 0,
        "palavra": [
          "_",
          "_",
          "_",
          "_"
        ],
        "escreveu": [],
        "palavra_ofc": "gato",
        "dica": "ele tem 4 patas, e o rugido dele começa com m 😉",
        "tema": "animal"
      }
    ],
    "ausentes": [],
    "forca_inc": false,
    "antipalavrao": {
      "active": false,
      "palavras": []
    },
    "limitec": {
      "active": true,
      "quantidade": "400"
    },
    "wellcome": [
      {
        "bemvindo1": false,
        "legendabv": "Olá #numerodele#, seja bem vindo (a) ao grupo: #nomedogp#",
        "legendasaiu": 0
      },
      {
        "bemvindo2": true,
        "legendabv": " Ola #numerodele# Seja bem-vindo(a) ao Grupo #nomedogp# meu Prefixo e  (#prefixo#)",
        "legendasaiu": "‼️ #numerodele# Saiu do grupo #nomedogp# 🥹 Bom a diversão Continua 🎉🥳"
      }
    ],
    "simi1": false,
    "simi2": false,
    "autosticker": false,
    "autoresposta": false,
    "jogos": false,
    "level": false,
    "bangp": false,
    "nsfw": false,
    "aluguel": false
  }
]
