[
  {
    "name": "❥ ⃝⃕🎀☆𝑫𝑨𝑻𝑰𝑵𝑮 𝑶𝑹 𝑭𝑹𝑰𝑬𝑵𝑫𝑺𝑯𝑰𝑷☆❥ ⃝⃕🎀",
    "groupId": "120363385742619158@g.us",
    "x9": true,
    "antiimg": false,
    "antivideo": true,
    "antiaudio": false,
    "antisticker": false,
    "antidoc": true,
    "antictt": true,
    "antiloc": true,
    "antilinkgp": true,
    "antilinkhard": true,
    "antifake": true,
    "antiporn": false,
    "Odelete": false,
    "antispam": false,
    "antinotas": true,
    "anticatalogo": true,
    "visuUnica": true,
    "registrarFIGUS": false,
    "soadm": false,
    "listanegra": [
      "556196843224@s.whatsapp.net",
      "554791960429@s.whatsapp.net",
      "558189677514@s.whatsapp.net"
    ],
    "advertir": [],
    "prefixos": [
      "."
    ],
    "advertir2": [],
    "legenda_estrangeiro": "0",
    "legenda_documento": "0",
    "legenda_video": "0",
    "legenda_imagem": "0",
    "multiprefix": false,
    "forca_ofc": [
      {
        "acertos": 0,
        "erros": 0,
        "palavra": [],
        "escreveu": [],
        "palavra_ofc": 0,
        "dica": 0,
        "tema": 0
      }
    ],
    "ausentes": [],
    "forca_inc": false,
    "antipalavrao": {
      "active": false,
      "palavras": []
    },
    "limitec": {
      "active": true,
      "quantidade": null
    },
    "wellcome": [
      {
        "bemvindo1": false,
        "legendabv": "Olá #numerodele#, seja bem vindo (a) ao grupo: #nomedogp#",
        "legendasaiu": 0
      },
      {
        "bemvindo2": false,
        "legendabv": "Olá #numerodele#, seja bem vindo (a) ao grupo: #nomedogp#",
        "legendasaiu": 0
      }
    ],
    "simi1": false,
    "simi2": false,
    "autosticker": false,
    "autoresposta": false,
    "jogos": true,
    "level": false,
    "bangp": false,
    "nsfw": false,
    "aluguel": false
  }
]
